timestamp,commit,branch,benchmark,estimate_ns
2026-03-23T04:15:35Z,1acf681,main,traits/behavior_lookup,2.2888
2026-03-23T04:15:35Z,1acf681,main,traits/level_name,2.0210
2026-03-23T04:15:35Z,1acf681,main,traits/level_from_numeric,7.3484
2026-03-23T04:15:35Z,1acf681,main,personality/compose_prompt,201.34
2026-03-23T04:15:35Z,1acf681,main,personality/behavioral_instructions,34.644
2026-03-23T04:15:35Z,1acf681,main,personality/active_traits,22.255
2026-03-23T04:15:35Z,1acf681,main,personality/distance,190.97
2026-03-23T04:15:35Z,1acf681,main,mood/stimulate,52.828
2026-03-23T04:15:35Z,1acf681,main,mood/intensity,1.9128
2026-03-23T04:15:35Z,1acf681,main,mood/blend,2.8548
2026-03-23T04:15:35Z,1acf681,main,mood/decay,0.2854
2026-03-23T04:15:35Z,1acf681,main,mood/dominant_emotion,2.1484
2026-03-23T04:15:35Z,1acf681,main,mood/nudge,1.2516
2026-03-23T04:15:35Z,1acf681,main,mood/deviation,2.4168
2026-03-23T04:15:35Z,1acf681,main,mood/apply_decay,38.826
2026-03-23T04:15:35Z,1acf681,main,sentiment/positive_short,125.95
2026-03-23T04:15:35Z,1acf681,main,sentiment/negative_medium,396.81
2026-03-23T04:15:35Z,1acf681,main,sentiment/neutral_long,454.77
2026-03-23T04:15:35Z,1acf681,main,sentiment/mixed_emotions,442.57
2026-03-23T04:15:35Z,1acf681,main,sentiment/keyword_dense,653.41
2026-03-23T04:15:35Z,1acf681,main,archetype/compose_preamble,640.73
2026-03-23T04:15:35Z,1acf681,main,archetype/compose_identity_2_layers,891.31
2026-03-23T04:15:35Z,1acf681,main,archetype/compose_identity_5_layers,1191.0000
2026-03-23T04:15:35Z,1acf681,main,presets/get_preset,393.42
2026-03-23T04:15:35Z,1acf681,main,presets/list_presets,8.5846
2026-03-23T04:15:35Z,1acf681,main,presets/preset_full_prompt,1941.3000
2026-03-23T04:15:35Z,1acf681,main,serde/personality_serialize,465.44
2026-03-23T04:15:35Z,1acf681,main,serde/personality_deserialize,846.75
2026-03-23T04:15:35Z,1acf681,main,serde/mood_serialize,150.17
2026-03-23T04:15:35Z,1acf681,main,serde/mood_deserialize,183.96
2026-03-23T04:15:35Z,1acf681,main,serde/emotional_state_serialize,686.02
2026-03-23T04:15:35Z,1acf681,main,serde/emotional_state_deserialize,634.66
2026-03-23T04:26:44Z,3e0eef7,main,traits/behavior_lookup,2.0053
2026-03-23T04:26:44Z,3e0eef7,main,traits/level_name,1.9163
2026-03-23T04:26:44Z,3e0eef7,main,traits/level_from_numeric,7.0167
2026-03-23T04:26:44Z,3e0eef7,main,personality/compose_prompt,133.61
2026-03-23T04:26:44Z,3e0eef7,main,personality/behavioral_instructions,107.35
2026-03-23T04:26:44Z,3e0eef7,main,personality/active_traits,24.590
2026-03-23T04:26:44Z,3e0eef7,main,personality/distance,184.40
2026-03-23T04:26:44Z,3e0eef7,main,mood/stimulate,52.389
2026-03-23T04:26:44Z,3e0eef7,main,mood/intensity,1.8674
2026-03-23T04:26:44Z,3e0eef7,main,mood/blend,2.9090
2026-03-23T04:26:44Z,3e0eef7,main,mood/decay,0.2786
2026-03-23T04:26:44Z,3e0eef7,main,mood/dominant_emotion,1.9995
2026-03-23T04:26:44Z,3e0eef7,main,mood/nudge,1.2566
2026-03-23T04:26:44Z,3e0eef7,main,mood/deviation,2.4207
2026-03-23T04:26:44Z,3e0eef7,main,mood/apply_decay,40.248
2026-03-23T04:26:44Z,3e0eef7,main,sentiment/positive_short,123.17
2026-03-23T04:26:44Z,3e0eef7,main,sentiment/negative_medium,350.77
2026-03-23T04:26:44Z,3e0eef7,main,sentiment/neutral_long,378.13
2026-03-23T04:26:44Z,3e0eef7,main,sentiment/mixed_emotions,386.24
2026-03-23T04:26:44Z,3e0eef7,main,sentiment/keyword_dense,605.16
2026-03-23T04:26:44Z,3e0eef7,main,archetype/compose_preamble,200.54
2026-03-23T04:26:44Z,3e0eef7,main,archetype/compose_identity_2_layers,260.70
2026-03-23T04:26:44Z,3e0eef7,main,archetype/compose_identity_5_layers,352.39
2026-03-23T04:26:44Z,3e0eef7,main,presets/get_preset,369.56
2026-03-23T04:26:44Z,3e0eef7,main,presets/list_presets,0.4780
2026-03-23T04:26:44Z,3e0eef7,main,presets/preset_full_prompt,1210.4000
2026-03-23T04:26:44Z,3e0eef7,main,serde/personality_serialize,400.15
2026-03-23T04:26:44Z,3e0eef7,main,serde/personality_deserialize,742.20
2026-03-23T04:26:44Z,3e0eef7,main,serde/mood_serialize,136.08
2026-03-23T04:26:44Z,3e0eef7,main,serde/mood_deserialize,185.22
2026-03-23T04:26:44Z,3e0eef7,main,serde/emotional_state_serialize,598.91
2026-03-23T04:26:44Z,3e0eef7,main,serde/emotional_state_deserialize,604.72
2026-03-23T04:41:48Z,3e0eef7,main,traits/behavior_lookup,1.7446
2026-03-23T04:41:48Z,3e0eef7,main,traits/level_name,1.7927
2026-03-23T04:41:48Z,3e0eef7,main,traits/level_from_numeric,7.0752
2026-03-23T04:41:48Z,3e0eef7,main,personality/compose_prompt,136.19
2026-03-23T04:41:48Z,3e0eef7,main,personality/behavioral_instructions,116.21
2026-03-23T04:41:48Z,3e0eef7,main,personality/active_traits,27.643
2026-03-23T04:41:48Z,3e0eef7,main,personality/distance,181.31
2026-03-23T04:41:48Z,3e0eef7,main,personality/compatibility,188.20
2026-03-23T04:41:48Z,3e0eef7,main,personality/blend,654.47
2026-03-23T04:41:48Z,3e0eef7,main,personality/group_average,36.095
2026-03-23T04:41:48Z,3e0eef7,main,personality/mutate_toward,261.50
2026-03-23T04:41:48Z,3e0eef7,main,mood/stimulate,51.371
2026-03-23T04:41:48Z,3e0eef7,main,mood/intensity,1.8225
2026-03-23T04:41:48Z,3e0eef7,main,mood/blend,2.6693
2026-03-23T04:41:48Z,3e0eef7,main,mood/decay,0.2633
2026-03-23T04:41:48Z,3e0eef7,main,mood/dominant_emotion,2.2352
2026-03-23T04:41:48Z,3e0eef7,main,mood/nudge,1.3263
2026-03-23T04:41:48Z,3e0eef7,main,mood/deviation,2.3784
2026-03-23T04:41:48Z,3e0eef7,main,mood/apply_decay,39.905
2026-03-23T04:41:48Z,3e0eef7,main,sentiment/positive_short,124.39
2026-03-23T04:41:48Z,3e0eef7,main,sentiment/negative_medium,420.25
2026-03-23T04:41:48Z,3e0eef7,main,sentiment/neutral_long,457.31
2026-03-23T04:41:48Z,3e0eef7,main,sentiment/mixed_emotions,480.49
2026-03-23T04:41:48Z,3e0eef7,main,sentiment/keyword_dense,707.83
2026-03-23T04:41:48Z,3e0eef7,main,archetype/compose_preamble,233.38
2026-03-23T04:41:48Z,3e0eef7,main,archetype/compose_identity_2_layers,302.15
2026-03-23T04:41:48Z,3e0eef7,main,archetype/compose_identity_5_layers,390.89
2026-03-23T04:41:48Z,3e0eef7,main,presets/get_preset,373.81
2026-03-23T04:41:48Z,3e0eef7,main,presets/list_presets,0.4941
2026-03-23T04:41:48Z,3e0eef7,main,presets/preset_full_prompt,1115.6000
2026-03-23T04:41:48Z,3e0eef7,main,serde/personality_serialize,410.64
2026-03-23T04:41:48Z,3e0eef7,main,serde/personality_deserialize,809.61
2026-03-23T04:41:48Z,3e0eef7,main,serde/mood_serialize,136.86
2026-03-23T04:41:48Z,3e0eef7,main,serde/mood_deserialize,174.12
2026-03-23T04:41:48Z,3e0eef7,main,serde/emotional_state_serialize,591.23
2026-03-23T04:41:48Z,3e0eef7,main,serde/emotional_state_deserialize,590.13
2026-03-23T04:54:00Z,3e0eef7,main,traits/behavior_lookup,2.1384
2026-03-23T04:54:00Z,3e0eef7,main,traits/level_name,2.2115
2026-03-23T04:54:00Z,3e0eef7,main,traits/level_from_numeric,6.9147
2026-03-23T04:54:00Z,3e0eef7,main,personality/compose_prompt,132.34
2026-03-23T04:54:00Z,3e0eef7,main,personality/behavioral_instructions,115.09
2026-03-23T04:54:00Z,3e0eef7,main,personality/active_traits,30.255
2026-03-23T04:54:00Z,3e0eef7,main,personality/distance,212.90
2026-03-23T04:54:00Z,3e0eef7,main,personality/compatibility,211.29
2026-03-23T04:54:00Z,3e0eef7,main,personality/blend,687.65
2026-03-23T04:54:00Z,3e0eef7,main,personality/group_average,37.586
2026-03-23T04:54:00Z,3e0eef7,main,personality/mutate_toward,276.78
2026-03-23T04:54:00Z,3e0eef7,main,mood/stimulate,50.737
2026-03-23T04:54:00Z,3e0eef7,main,mood/intensity,1.7464
2026-03-23T04:54:00Z,3e0eef7,main,mood/blend,2.6841
2026-03-23T04:54:00Z,3e0eef7,main,mood/decay,0.2486
2026-03-23T04:54:00Z,3e0eef7,main,mood/dominant_emotion,2.1136
2026-03-23T04:54:00Z,3e0eef7,main,mood/nudge,1.2456
2026-03-23T04:54:00Z,3e0eef7,main,mood/deviation,2.4362
2026-03-23T04:54:00Z,3e0eef7,main,mood/apply_decay,38.063
2026-03-23T04:54:00Z,3e0eef7,main,sentiment/positive_short,126.81
2026-03-23T04:54:00Z,3e0eef7,main,sentiment/negative_medium,380.63
2026-03-23T04:54:00Z,3e0eef7,main,sentiment/neutral_long,440.95
2026-03-23T04:54:00Z,3e0eef7,main,sentiment/mixed_emotions,449.40
2026-03-23T04:54:00Z,3e0eef7,main,sentiment/keyword_dense,644.44
2026-03-23T04:54:00Z,3e0eef7,main,archetype/compose_preamble,229.18
2026-03-23T04:54:00Z,3e0eef7,main,archetype/compose_identity_2_layers,288.59
2026-03-23T04:54:00Z,3e0eef7,main,archetype/compose_identity_5_layers,387.78
2026-03-23T04:54:00Z,3e0eef7,main,presets/get_preset,437.08
2026-03-23T04:54:00Z,3e0eef7,main,presets/list_presets,0.4954
2026-03-23T04:54:00Z,3e0eef7,main,presets/preset_full_prompt,1046.0000
2026-03-23T04:54:00Z,3e0eef7,main,serde/personality_serialize,417.79
2026-03-23T04:54:00Z,3e0eef7,main,serde/personality_deserialize,856.58
2026-03-23T04:54:00Z,3e0eef7,main,serde/mood_serialize,135.84
2026-03-23T04:54:00Z,3e0eef7,main,serde/mood_deserialize,173.94
2026-03-23T04:54:00Z,3e0eef7,main,serde/emotional_state_serialize,592.43
2026-03-23T04:54:00Z,3e0eef7,main,serde/emotional_state_deserialize,649.19
2026-03-23T05:02:29Z,3e0eef7,main,traits/behavior_lookup,1.8079
2026-03-23T05:02:29Z,3e0eef7,main,traits/level_name,1.8214
2026-03-23T05:02:29Z,3e0eef7,main,traits/level_from_numeric,7.0789
2026-03-23T05:02:29Z,3e0eef7,main,personality/compose_prompt,169.19
2026-03-23T05:02:29Z,3e0eef7,main,personality/behavioral_instructions,140.47
2026-03-23T05:02:29Z,3e0eef7,main,personality/active_traits,24.584
2026-03-23T05:02:29Z,3e0eef7,main,personality/distance,271.04
2026-03-23T05:02:29Z,3e0eef7,main,personality/compatibility,274.64
2026-03-23T05:02:29Z,3e0eef7,main,personality/blend,913.05
2026-03-23T05:02:29Z,3e0eef7,main,personality/group_average,55.753
2026-03-23T05:02:29Z,3e0eef7,main,personality/mutate_toward,385.70
2026-03-23T05:02:29Z,3e0eef7,main,mood/stimulate,52.374
2026-03-23T05:02:29Z,3e0eef7,main,mood/intensity,1.8594
2026-03-23T05:02:29Z,3e0eef7,main,mood/blend,2.6895
2026-03-23T05:02:29Z,3e0eef7,main,mood/decay,0.2568
2026-03-23T05:02:29Z,3e0eef7,main,mood/dominant_emotion,2.6583
2026-03-23T05:02:29Z,3e0eef7,main,mood/nudge,1.4276
2026-03-23T05:02:29Z,3e0eef7,main,mood/deviation,2.4946
2026-03-23T05:02:29Z,3e0eef7,main,mood/apply_decay,36.946
2026-03-23T05:02:29Z,3e0eef7,main,mood/classify,4.1487
2026-03-23T05:02:29Z,3e0eef7,main,mood/apply_trigger,145.73
2026-03-23T05:02:29Z,3e0eef7,main,mood/snapshot,8.3692
2026-03-23T05:02:29Z,3e0eef7,main,mood/mood_trait_influence,1.0134
2026-03-23T05:02:29Z,3e0eef7,main,sentiment/positive_short,121.31
2026-03-23T05:02:29Z,3e0eef7,main,sentiment/negative_medium,375.58
2026-03-23T05:02:29Z,3e0eef7,main,sentiment/neutral_long,406.36
2026-03-23T05:02:29Z,3e0eef7,main,sentiment/mixed_emotions,412.01
2026-03-23T05:02:29Z,3e0eef7,main,sentiment/keyword_dense,595.00
2026-03-23T05:02:29Z,3e0eef7,main,archetype/compose_preamble,203.88
2026-03-23T05:02:29Z,3e0eef7,main,archetype/compose_identity_2_layers,265.62
2026-03-23T05:02:29Z,3e0eef7,main,archetype/compose_identity_5_layers,352.64
2026-03-23T05:02:29Z,3e0eef7,main,presets/get_preset,468.33
2026-03-23T05:02:29Z,3e0eef7,main,presets/list_presets,0.4798
2026-03-23T05:02:29Z,3e0eef7,main,presets/preset_full_prompt,1183.6000
2026-03-23T05:02:29Z,3e0eef7,main,serde/personality_serialize,377.27
2026-03-23T05:02:29Z,3e0eef7,main,serde/personality_deserialize,800.62
2026-03-23T05:02:29Z,3e0eef7,main,serde/mood_serialize,132.04
2026-03-23T05:02:29Z,3e0eef7,main,serde/mood_deserialize,173.14
2026-03-23T05:02:29Z,3e0eef7,main,serde/emotional_state_serialize,604.04
2026-03-23T05:02:29Z,3e0eef7,main,serde/emotional_state_deserialize,590.92
2026-03-23T05:12:45Z,3e0eef7,main,traits/behavior_lookup,1.8938
2026-03-23T05:12:45Z,3e0eef7,main,traits/level_name,1.8604
2026-03-23T05:12:45Z,3e0eef7,main,traits/level_from_numeric,6.9373
2026-03-23T05:12:45Z,3e0eef7,main,personality/compose_prompt,171.41
2026-03-23T05:12:45Z,3e0eef7,main,personality/behavioral_instructions,142.29
2026-03-23T05:12:45Z,3e0eef7,main,personality/active_traits,25.622
2026-03-23T05:12:45Z,3e0eef7,main,personality/distance,269.46
2026-03-23T05:12:45Z,3e0eef7,main,personality/compatibility,284.32
2026-03-23T05:12:45Z,3e0eef7,main,personality/blend,849.03
2026-03-23T05:12:45Z,3e0eef7,main,personality/group_average,53.088
2026-03-23T05:12:45Z,3e0eef7,main,personality/mutate_toward,363.69
2026-03-23T05:12:45Z,3e0eef7,main,mood/stimulate,51.707
2026-03-23T05:12:45Z,3e0eef7,main,mood/intensity,1.8251
2026-03-23T05:12:45Z,3e0eef7,main,mood/blend,2.7463
2026-03-23T05:12:45Z,3e0eef7,main,mood/decay,0.2627
2026-03-23T05:12:45Z,3e0eef7,main,mood/dominant_emotion,2.2571
2026-03-23T05:12:45Z,3e0eef7,main,mood/nudge,1.2770
2026-03-23T05:12:45Z,3e0eef7,main,mood/deviation,2.4439
2026-03-23T05:12:45Z,3e0eef7,main,mood/apply_decay,38.879
2026-03-23T05:12:45Z,3e0eef7,main,mood/classify,4.2881
2026-03-23T05:12:45Z,3e0eef7,main,mood/apply_trigger,155.27
2026-03-23T05:12:45Z,3e0eef7,main,mood/snapshot,8.7187
2026-03-23T05:12:45Z,3e0eef7,main,mood/mood_trait_influence,1.1142
2026-03-23T05:12:45Z,3e0eef7,main,sentiment/positive_short,125.61
2026-03-23T05:12:45Z,3e0eef7,main,sentiment/negative_medium,388.70
2026-03-23T05:12:45Z,3e0eef7,main,sentiment/neutral_long,543.69
2026-03-23T05:12:45Z,3e0eef7,main,sentiment/mixed_emotions,455.13
2026-03-23T05:12:45Z,3e0eef7,main,sentiment/keyword_dense,648.46
2026-03-23T05:12:45Z,3e0eef7,main,archetype/compose_preamble,216.30
2026-03-23T05:12:45Z,3e0eef7,main,archetype/compose_identity_2_layers,283.98
2026-03-23T05:12:45Z,3e0eef7,main,archetype/compose_identity_5_layers,355.23
2026-03-23T05:12:45Z,3e0eef7,main,presets/get_preset,465.95
2026-03-23T05:12:45Z,3e0eef7,main,presets/list_presets,0.4743
2026-03-23T05:12:45Z,3e0eef7,main,presets/preset_full_prompt,1181.1000
2026-03-23T05:12:45Z,3e0eef7,main,serde/personality_serialize,417.11
2026-03-23T05:12:45Z,3e0eef7,main,serde/personality_deserialize,754.49
2026-03-23T05:12:45Z,3e0eef7,main,serde/mood_serialize,135.90
2026-03-23T05:12:45Z,3e0eef7,main,serde/mood_deserialize,172.27
2026-03-23T05:12:45Z,3e0eef7,main,serde/emotional_state_serialize,660.41
2026-03-23T05:12:45Z,3e0eef7,main,serde/emotional_state_deserialize,589.55
2026-03-23T05:19:33Z,3e0eef7,main,traits/behavior_lookup,2.2793
2026-03-23T05:19:33Z,3e0eef7,main,traits/level_name,2.2041
2026-03-23T05:19:33Z,3e0eef7,main,traits/level_from_numeric,6.7433
2026-03-23T05:19:33Z,3e0eef7,main,personality/compose_prompt,171.16
2026-03-23T05:19:33Z,3e0eef7,main,personality/behavioral_instructions,142.56
2026-03-23T05:19:33Z,3e0eef7,main,personality/active_traits,26.023
2026-03-23T05:19:33Z,3e0eef7,main,personality/distance,265.37
2026-03-23T05:19:33Z,3e0eef7,main,personality/compatibility,270.60
2026-03-23T05:19:33Z,3e0eef7,main,personality/blend,841.29
2026-03-23T05:19:33Z,3e0eef7,main,personality/group_average,52.649
2026-03-23T05:19:33Z,3e0eef7,main,personality/mutate_toward,357.99
2026-03-23T05:19:33Z,3e0eef7,main,mood/stimulate,49.346
2026-03-23T05:19:33Z,3e0eef7,main,mood/intensity,1.7101
2026-03-23T05:19:33Z,3e0eef7,main,mood/blend,2.7619
2026-03-23T05:19:33Z,3e0eef7,main,mood/decay,0.2584
2026-03-23T05:19:33Z,3e0eef7,main,mood/dominant_emotion,1.9651
2026-03-23T05:19:33Z,3e0eef7,main,mood/nudge,1.2339
2026-03-23T05:19:33Z,3e0eef7,main,mood/deviation,2.3612
2026-03-23T05:19:33Z,3e0eef7,main,mood/apply_decay,46.527
2026-03-23T05:19:33Z,3e0eef7,main,mood/classify,4.0882
2026-03-23T05:19:33Z,3e0eef7,main,mood/apply_trigger,50.716
2026-03-23T05:19:33Z,3e0eef7,main,mood/snapshot,8.4183
2026-03-23T05:19:33Z,3e0eef7,main,mood/mood_trait_influence,1.0427
2026-03-23T05:19:33Z,3e0eef7,main,mood/history_record,52.982
2026-03-23T05:19:33Z,3e0eef7,main,mood/history_deviation_trend,28.452
2026-03-23T05:19:33Z,3e0eef7,main,sentiment/positive_short,105.76
2026-03-23T05:19:33Z,3e0eef7,main,sentiment/negative_medium,251.54
2026-03-23T05:19:33Z,3e0eef7,main,sentiment/neutral_long,272.66
2026-03-23T05:19:33Z,3e0eef7,main,sentiment/mixed_emotions,254.98
2026-03-23T05:19:33Z,3e0eef7,main,sentiment/keyword_dense,520.31
2026-03-23T05:19:33Z,3e0eef7,main,archetype/compose_preamble,213.52
2026-03-23T05:19:33Z,3e0eef7,main,archetype/compose_identity_2_layers,260.79
2026-03-23T05:19:33Z,3e0eef7,main,archetype/compose_identity_5_layers,337.82
2026-03-23T05:19:33Z,3e0eef7,main,presets/get_preset,487.67
2026-03-23T05:19:33Z,3e0eef7,main,presets/list_presets,0.4728
2026-03-23T05:19:33Z,3e0eef7,main,presets/preset_full_prompt,1141.4000
2026-03-23T05:19:33Z,3e0eef7,main,serde/personality_serialize,395.52
2026-03-23T05:19:33Z,3e0eef7,main,serde/personality_deserialize,813.96
2026-03-23T05:19:33Z,3e0eef7,main,serde/mood_serialize,131.82
2026-03-23T05:19:33Z,3e0eef7,main,serde/mood_deserialize,169.88
2026-03-23T05:19:33Z,3e0eef7,main,serde/emotional_state_serialize,612.59
2026-03-23T05:19:33Z,3e0eef7,main,serde/emotional_state_deserialize,679.80
2026-03-23T05:31:56Z,3e0eef7,main,traits/behavior_lookup,2.1865
2026-03-23T05:31:56Z,3e0eef7,main,traits/level_name,1.9575
2026-03-23T05:31:56Z,3e0eef7,main,traits/level_from_numeric,6.7692
2026-03-23T05:31:56Z,3e0eef7,main,personality/compose_prompt,38.087
2026-03-23T05:31:56Z,3e0eef7,main,personality/behavioral_instructions,18.274
2026-03-23T05:31:56Z,3e0eef7,main,personality/active_traits,18.172
2026-03-23T05:31:56Z,3e0eef7,main,personality/distance,9.2097
2026-03-23T05:31:56Z,3e0eef7,main,personality/compatibility,11.357
2026-03-23T05:31:56Z,3e0eef7,main,personality/blend,84.639
2026-03-23T05:31:56Z,3e0eef7,main,personality/group_average,3.6039
2026-03-23T05:31:56Z,3e0eef7,main,personality/mutate_toward,37.965
2026-03-23T05:31:56Z,3e0eef7,main,mood/stimulate,48.593
2026-03-23T05:31:56Z,3e0eef7,main,mood/intensity,1.6833
2026-03-23T05:31:56Z,3e0eef7,main,mood/blend,2.6097
2026-03-23T05:31:56Z,3e0eef7,main,mood/decay,0.2680
2026-03-23T05:31:56Z,3e0eef7,main,mood/dominant_emotion,1.9581
2026-03-23T05:31:56Z,3e0eef7,main,mood/nudge,1.2212
2026-03-23T05:31:56Z,3e0eef7,main,mood/deviation,2.3682
2026-03-23T05:31:56Z,3e0eef7,main,mood/apply_decay,37.194
2026-03-23T05:31:56Z,3e0eef7,main,mood/classify,5.1031
2026-03-23T05:31:56Z,3e0eef7,main,mood/apply_trigger,51.238
2026-03-23T05:31:56Z,3e0eef7,main,mood/snapshot,9.0771
2026-03-23T05:31:56Z,3e0eef7,main,mood/mood_trait_influence,1.0479
2026-03-23T05:31:56Z,3e0eef7,main,mood/history_record,32.799
2026-03-23T05:31:56Z,3e0eef7,main,mood/history_deviation_trend,29.178
2026-03-23T05:31:56Z,3e0eef7,main,sentiment/positive_short,454.17
2026-03-23T05:31:56Z,3e0eef7,main,sentiment/negative_medium,1463.5000
2026-03-23T05:31:56Z,3e0eef7,main,sentiment/neutral_long,2185.5000
2026-03-23T05:31:56Z,3e0eef7,main,sentiment/mixed_emotions,1800.3000
2026-03-23T05:31:56Z,3e0eef7,main,sentiment/keyword_dense,2041.1000
2026-03-23T05:31:56Z,3e0eef7,main,archetype/compose_preamble,209.90
2026-03-23T05:31:56Z,3e0eef7,main,archetype/compose_identity_2_layers,258.83
2026-03-23T05:31:56Z,3e0eef7,main,archetype/compose_identity_5_layers,341.88
2026-03-23T05:31:56Z,3e0eef7,main,presets/get_preset,59.260
2026-03-23T05:31:56Z,3e0eef7,main,presets/list_presets,0.4838
2026-03-23T05:31:56Z,3e0eef7,main,presets/preset_full_prompt,584.80
2026-03-23T05:31:56Z,3e0eef7,main,serde/personality_serialize,696.30
2026-03-23T05:31:56Z,3e0eef7,main,serde/personality_deserialize,828.06
2026-03-23T05:31:56Z,3e0eef7,main,serde/mood_serialize,131.05
2026-03-23T05:31:56Z,3e0eef7,main,serde/mood_deserialize,188.54
2026-03-23T05:31:56Z,3e0eef7,main,serde/emotional_state_serialize,570.66
2026-03-23T05:31:56Z,3e0eef7,main,serde/emotional_state_deserialize,618.13
2026-03-23T05:39:52Z,3e0eef7,main,traits/behavior_lookup,1.9143
2026-03-23T05:39:52Z,3e0eef7,main,traits/level_name,1.7039
2026-03-23T05:39:52Z,3e0eef7,main,traits/level_from_numeric,6.5861
2026-03-23T05:39:52Z,3e0eef7,main,personality/compose_prompt,41.528
2026-03-23T05:39:52Z,3e0eef7,main,personality/behavioral_instructions,22.604
2026-03-23T05:39:52Z,3e0eef7,main,personality/active_traits,16.677
2026-03-23T05:39:52Z,3e0eef7,main,personality/distance,8.9164
2026-03-23T05:39:52Z,3e0eef7,main,personality/compatibility,10.915
2026-03-23T05:39:52Z,3e0eef7,main,personality/blend,82.048
2026-03-23T05:39:52Z,3e0eef7,main,personality/group_average,3.5012
2026-03-23T05:39:52Z,3e0eef7,main,personality/mutate_toward,37.203
2026-03-23T05:39:52Z,3e0eef7,main,mood/stimulate,48.235
2026-03-23T05:39:52Z,3e0eef7,main,mood/intensity,1.6735
2026-03-23T05:39:52Z,3e0eef7,main,mood/blend,2.5878
2026-03-23T05:39:52Z,3e0eef7,main,mood/decay,0.2639
2026-03-23T05:39:52Z,3e0eef7,main,mood/dominant_emotion,1.9215
2026-03-23T05:39:52Z,3e0eef7,main,mood/nudge,1.2056
2026-03-23T05:39:52Z,3e0eef7,main,mood/deviation,2.2865
2026-03-23T05:39:52Z,3e0eef7,main,mood/apply_decay,36.217
2026-03-23T05:39:52Z,3e0eef7,main,mood/classify,3.9889
2026-03-23T05:39:52Z,3e0eef7,main,mood/apply_trigger,49.435
2026-03-23T05:39:52Z,3e0eef7,main,mood/snapshot,8.2191
2026-03-23T05:39:52Z,3e0eef7,main,mood/mood_trait_influence,1.0079
2026-03-23T05:39:52Z,3e0eef7,main,mood/history_record,28.997
2026-03-23T05:39:52Z,3e0eef7,main,mood/history_deviation_trend,27.736
2026-03-23T05:39:52Z,3e0eef7,main,sentiment/positive_short,102.76
2026-03-23T05:39:52Z,3e0eef7,main,sentiment/negative_medium,241.66
2026-03-23T05:39:52Z,3e0eef7,main,sentiment/neutral_long,238.96
2026-03-23T05:39:52Z,3e0eef7,main,sentiment/mixed_emotions,249.67
2026-03-23T05:39:52Z,3e0eef7,main,sentiment/keyword_dense,523.06
2026-03-23T05:39:52Z,3e0eef7,main,archetype/compose_preamble,205.40
2026-03-23T05:39:52Z,3e0eef7,main,archetype/compose_identity_2_layers,329.86
2026-03-23T05:39:52Z,3e0eef7,main,archetype/compose_identity_5_layers,429.00
2026-03-23T05:39:52Z,3e0eef7,main,presets/get_preset,54.713
2026-03-23T05:39:52Z,3e0eef7,main,presets/list_presets,0.4688
2026-03-23T05:39:52Z,3e0eef7,main,presets/preset_full_prompt,628.19
2026-03-23T05:39:52Z,3e0eef7,main,serde/personality_serialize,699.06
2026-03-23T05:39:52Z,3e0eef7,main,serde/personality_deserialize,836.98
2026-03-23T05:39:52Z,3e0eef7,main,serde/mood_serialize,128.25
2026-03-23T05:39:52Z,3e0eef7,main,serde/mood_deserialize,170.11
2026-03-23T05:39:52Z,3e0eef7,main,serde/emotional_state_serialize,567.76
2026-03-23T05:39:52Z,3e0eef7,main,serde/emotional_state_deserialize,598.61
2026-03-23T05:56:21Z,a3a4e49,main,traits/behavior_lookup,1.7257
2026-03-23T05:56:21Z,a3a4e49,main,traits/level_name,1.7680
2026-03-23T05:56:21Z,a3a4e49,main,traits/level_from_numeric,6.6988
2026-03-23T05:56:21Z,a3a4e49,main,personality/compose_prompt,37.028
2026-03-23T05:56:21Z,a3a4e49,main,personality/behavioral_instructions,17.837
2026-03-23T05:56:21Z,a3a4e49,main,personality/active_traits,17.126
2026-03-23T05:56:21Z,a3a4e49,main,personality/distance,9.0372
2026-03-23T05:56:21Z,a3a4e49,main,personality/compatibility,11.090
2026-03-23T05:56:21Z,a3a4e49,main,personality/blend,83.016
2026-03-23T05:56:21Z,a3a4e49,main,personality/group_average,3.5603
2026-03-23T05:56:21Z,a3a4e49,main,personality/mutate_toward,38.547
2026-03-23T05:56:21Z,a3a4e49,main,mood/stimulate,49.162
2026-03-23T05:56:21Z,a3a4e49,main,mood/intensity,1.7008
2026-03-23T05:56:21Z,a3a4e49,main,mood/blend,2.6456
2026-03-23T05:56:21Z,a3a4e49,main,mood/decay,0.2806
2026-03-23T05:56:21Z,a3a4e49,main,mood/dominant_emotion,2.0790
2026-03-23T05:56:21Z,a3a4e49,main,mood/nudge,2.0203
2026-03-23T05:56:21Z,a3a4e49,main,mood/deviation,2.6905
2026-03-23T05:56:21Z,a3a4e49,main,mood/apply_decay,41.612
2026-03-23T05:56:21Z,a3a4e49,main,mood/classify,4.5714
2026-03-23T05:56:21Z,a3a4e49,main,mood/apply_trigger,52.633
2026-03-23T05:56:21Z,a3a4e49,main,mood/snapshot,8.5590
2026-03-23T05:56:21Z,a3a4e49,main,mood/mood_trait_influence,1.0360
2026-03-23T05:56:21Z,a3a4e49,main,mood/history_record,31.808
2026-03-23T05:56:21Z,a3a4e49,main,mood/history_deviation_trend,31.029
2026-03-23T05:56:21Z,a3a4e49,main,sentiment/positive_short,135.30
2026-03-23T05:56:21Z,a3a4e49,main,sentiment/negative_medium,350.22
2026-03-23T05:56:21Z,a3a4e49,main,sentiment/neutral_long,396.45
2026-03-23T05:56:21Z,a3a4e49,main,sentiment/mixed_emotions,387.98
2026-03-23T05:56:21Z,a3a4e49,main,sentiment/keyword_dense,693.08
2026-03-23T05:56:21Z,a3a4e49,main,sentiment/negation,224.00
2026-03-23T05:56:21Z,a3a4e49,main,sentiment/intensifiers,296.16
2026-03-23T05:56:21Z,a3a4e49,main,sentiment/sentences_3,578.96
2026-03-23T05:56:21Z,a3a4e49,main,archetype/compose_preamble,194.16
2026-03-23T05:56:21Z,a3a4e49,main,archetype/compose_identity_2_layers,299.81
2026-03-23T05:56:21Z,a3a4e49,main,archetype/compose_identity_5_layers,349.06
2026-03-23T05:56:21Z,a3a4e49,main,presets/get_preset,81.963
2026-03-23T05:56:21Z,a3a4e49,main,presets/list_presets,0.4938
2026-03-23T05:56:21Z,a3a4e49,main,presets/preset_full_prompt,718.96
2026-03-23T05:56:21Z,a3a4e49,main,serde/personality_serialize,714.37
2026-03-23T05:56:21Z,a3a4e49,main,serde/personality_deserialize,888.65
2026-03-23T05:56:21Z,a3a4e49,main,serde/mood_serialize,133.38
2026-03-23T05:56:21Z,a3a4e49,main,serde/mood_deserialize,173.46
2026-03-23T05:56:21Z,a3a4e49,main,serde/emotional_state_serialize,605.35
2026-03-23T05:56:21Z,a3a4e49,main,serde/emotional_state_deserialize,605.30
2026-03-23T06:04:39Z,a3a4e49,main,traits/behavior_lookup,1.7713
2026-03-23T06:04:39Z,a3a4e49,main,traits/level_name,1.7525
2026-03-23T06:04:39Z,a3a4e49,main,traits/level_from_numeric,6.6026
2026-03-23T06:04:39Z,a3a4e49,main,personality/compose_prompt,36.561
2026-03-23T06:04:39Z,a3a4e49,main,personality/behavioral_instructions,17.571
2026-03-23T06:04:39Z,a3a4e49,main,personality/active_traits,16.852
2026-03-23T06:04:39Z,a3a4e49,main,personality/distance,9.0597
2026-03-23T06:04:39Z,a3a4e49,main,personality/compatibility,11.093
2026-03-23T06:04:39Z,a3a4e49,main,personality/blend,81.877
2026-03-23T06:04:39Z,a3a4e49,main,personality/group_average,3.5678
2026-03-23T06:04:39Z,a3a4e49,main,personality/mutate_toward,38.381
2026-03-23T06:04:39Z,a3a4e49,main,mood/stimulate,48.935
2026-03-23T06:04:39Z,a3a4e49,main,mood/intensity,1.7004
2026-03-23T06:04:39Z,a3a4e49,main,mood/blend,2.6329
2026-03-23T06:04:39Z,a3a4e49,main,mood/decay,0.2659
2026-03-23T06:04:39Z,a3a4e49,main,mood/dominant_emotion,2.2021
2026-03-23T06:04:39Z,a3a4e49,main,mood/nudge,1.2246
2026-03-23T06:04:39Z,a3a4e49,main,mood/deviation,2.3440
2026-03-23T06:04:39Z,a3a4e49,main,mood/apply_decay,38.001
2026-03-23T06:04:39Z,a3a4e49,main,mood/classify,4.2334
2026-03-23T06:04:39Z,a3a4e49,main,mood/apply_trigger,51.495
2026-03-23T06:04:39Z,a3a4e49,main,mood/snapshot,8.4462
2026-03-23T06:04:39Z,a3a4e49,main,mood/mood_trait_influence,1.0553
2026-03-23T06:04:39Z,a3a4e49,main,mood/history_record,30.674
2026-03-23T06:04:39Z,a3a4e49,main,mood/history_deviation_trend,28.414
2026-03-23T06:04:39Z,a3a4e49,main,sentiment/positive_short,121.48
2026-03-23T06:04:39Z,a3a4e49,main,sentiment/negative_medium,306.84
2026-03-23T06:04:39Z,a3a4e49,main,sentiment/neutral_long,354.30
2026-03-23T06:04:39Z,a3a4e49,main,sentiment/mixed_emotions,348.56
2026-03-23T06:04:39Z,a3a4e49,main,sentiment/keyword_dense,607.32
2026-03-23T06:04:39Z,a3a4e49,main,sentiment/negation,198.24
2026-03-23T06:04:39Z,a3a4e49,main,sentiment/intensifiers,263.00
2026-03-23T06:04:39Z,a3a4e49,main,sentiment/sentences_3,503.25
2026-03-23T06:04:39Z,a3a4e49,main,archetype/compose_preamble,193.42
2026-03-23T06:04:39Z,a3a4e49,main,archetype/compose_identity_2_layers,242.20
2026-03-23T06:04:39Z,a3a4e49,main,archetype/compose_identity_5_layers,347.97
2026-03-23T06:04:39Z,a3a4e49,main,presets/get_preset,59.702
2026-03-23T06:04:39Z,a3a4e49,main,presets/list_presets,0.4811
2026-03-23T06:04:39Z,a3a4e49,main,presets/preset_full_prompt,589.47
2026-03-23T06:04:39Z,a3a4e49,main,serde/personality_serialize,710.90
2026-03-23T06:04:39Z,a3a4e49,main,serde/personality_deserialize,909.53
2026-03-23T06:04:39Z,a3a4e49,main,serde/mood_serialize,136.94
2026-03-23T06:04:39Z,a3a4e49,main,serde/mood_deserialize,178.66
2026-03-23T06:04:39Z,a3a4e49,main,serde/emotional_state_serialize,621.37
2026-03-23T06:04:39Z,a3a4e49,main,serde/emotional_state_deserialize,623.16
2026-03-23T06:15:52Z,a3a4e49,main,traits/behavior_lookup,1.9708
2026-03-23T06:15:52Z,a3a4e49,main,traits/level_name,1.8001
2026-03-23T06:15:52Z,a3a4e49,main,traits/level_from_numeric,6.7365
2026-03-23T06:15:52Z,a3a4e49,main,personality/compose_prompt,37.661
2026-03-23T06:15:52Z,a3a4e49,main,personality/behavioral_instructions,18.291
2026-03-23T06:15:52Z,a3a4e49,main,personality/active_traits,17.098
2026-03-23T06:15:52Z,a3a4e49,main,personality/distance,9.3175
2026-03-23T06:15:52Z,a3a4e49,main,personality/compatibility,11.532
2026-03-23T06:15:52Z,a3a4e49,main,personality/blend,84.958
2026-03-23T06:15:52Z,a3a4e49,main,personality/group_average,3.6594
2026-03-23T06:15:52Z,a3a4e49,main,personality/mutate_toward,41.520
2026-03-23T06:15:52Z,a3a4e49,main,mood/stimulate,52.691
2026-03-23T06:15:52Z,a3a4e49,main,mood/intensity,1.8212
2026-03-23T06:15:52Z,a3a4e49,main,mood/blend,2.7363
2026-03-23T06:15:52Z,a3a4e49,main,mood/decay,0.2828
2026-03-23T06:15:52Z,a3a4e49,main,mood/dominant_emotion,2.0294
2026-03-23T06:15:52Z,a3a4e49,main,mood/nudge,1.2857
2026-03-23T06:15:52Z,a3a4e49,main,mood/deviation,2.4290
2026-03-23T06:15:52Z,a3a4e49,main,mood/apply_decay,42.997
2026-03-23T06:15:52Z,a3a4e49,main,mood/classify,4.5657
2026-03-23T06:15:52Z,a3a4e49,main,mood/apply_trigger,52.701
2026-03-23T06:15:52Z,a3a4e49,main,mood/snapshot,9.5512
2026-03-23T06:15:52Z,a3a4e49,main,mood/mood_trait_influence,1.1698
2026-03-23T06:15:52Z,a3a4e49,main,mood/history_record,33.559
2026-03-23T06:15:52Z,a3a4e49,main,mood/history_deviation_trend,31.644
2026-03-23T06:15:52Z,a3a4e49,main,sentiment/positive_short,144.10
2026-03-23T06:15:52Z,a3a4e49,main,sentiment/negative_medium,391.14
2026-03-23T06:15:52Z,a3a4e49,main,sentiment/neutral_long,387.89
2026-03-23T06:15:52Z,a3a4e49,main,sentiment/mixed_emotions,388.12
2026-03-23T06:15:52Z,a3a4e49,main,sentiment/keyword_dense,642.93
2026-03-23T06:15:52Z,a3a4e49,main,sentiment/negation,211.41
2026-03-23T06:15:52Z,a3a4e49,main,sentiment/intensifiers,275.35
2026-03-23T06:15:52Z,a3a4e49,main,sentiment/sentences_3,534.54
2026-03-23T06:15:52Z,a3a4e49,main,archetype/compose_preamble,228.40
2026-03-23T06:15:52Z,a3a4e49,main,archetype/compose_identity_2_layers,331.39
2026-03-23T06:15:52Z,a3a4e49,main,archetype/compose_identity_5_layers,450.73
2026-03-23T06:15:52Z,a3a4e49,main,archetype/validate,14.599
2026-03-23T06:15:52Z,a3a4e49,main,archetype/template_apply,80.628
2026-03-23T06:15:52Z,a3a4e49,main,archetype/crew_prompt_3,794.27
2026-03-23T06:15:52Z,a3a4e49,main,presets/get_preset,76.920
2026-03-23T06:15:52Z,a3a4e49,main,presets/list_presets,0.5667
2026-03-23T06:15:52Z,a3a4e49,main,presets/preset_full_prompt,787.88
2026-03-23T06:15:52Z,a3a4e49,main,serde/personality_serialize,743.80
2026-03-23T06:15:52Z,a3a4e49,main,serde/personality_deserialize,844.05
2026-03-23T06:15:52Z,a3a4e49,main,serde/mood_serialize,139.49
2026-03-23T06:15:52Z,a3a4e49,main,serde/mood_deserialize,184.59
2026-03-23T06:15:52Z,a3a4e49,main,serde/emotional_state_serialize,631.91
2026-03-23T06:15:52Z,a3a4e49,main,serde/emotional_state_deserialize,594.42
2026-03-23T06:30:34Z,a3a4e49,main,traits/behavior_lookup,1.7620
2026-03-23T06:30:34Z,a3a4e49,main,traits/level_name,1.7693
2026-03-23T06:30:34Z,a3a4e49,main,traits/level_from_numeric,6.5691
2026-03-23T06:30:34Z,a3a4e49,main,personality/compose_prompt,37.136
2026-03-23T06:30:34Z,a3a4e49,main,personality/behavioral_instructions,18.469
2026-03-23T06:30:34Z,a3a4e49,main,personality/active_traits,17.052
2026-03-23T06:30:34Z,a3a4e49,main,personality/distance,9.0482
2026-03-23T06:30:34Z,a3a4e49,main,personality/compatibility,11.088
2026-03-23T06:30:34Z,a3a4e49,main,personality/blend,83.375
2026-03-23T06:30:34Z,a3a4e49,main,personality/group_average,3.3829
2026-03-23T06:30:34Z,a3a4e49,main,personality/mutate_toward,36.752
2026-03-23T06:30:34Z,a3a4e49,main,personality/group_compatibility,6.2891
2026-03-23T06:30:34Z,a3a4e49,main,mood/stimulate,47.320
2026-03-23T06:30:34Z,a3a4e49,main,mood/intensity,1.6568
2026-03-23T06:30:34Z,a3a4e49,main,mood/blend,2.5474
2026-03-23T06:30:34Z,a3a4e49,main,mood/decay,0.2631
2026-03-23T06:30:34Z,a3a4e49,main,mood/dominant_emotion,2.0262
2026-03-23T06:30:34Z,a3a4e49,main,mood/nudge,1.1996
2026-03-23T06:30:34Z,a3a4e49,main,mood/deviation,2.3027
2026-03-23T06:30:34Z,a3a4e49,main,mood/apply_decay,36.368
2026-03-23T06:30:34Z,a3a4e49,main,mood/classify,4.0343
2026-03-23T06:30:34Z,a3a4e49,main,mood/apply_trigger,48.938
2026-03-23T06:30:34Z,a3a4e49,main,mood/snapshot,8.2846
2026-03-23T06:30:34Z,a3a4e49,main,mood/mood_trait_influence,1.0218
2026-03-23T06:30:34Z,a3a4e49,main,mood/history_record,29.762
2026-03-23T06:30:34Z,a3a4e49,main,mood/history_deviation_trend,27.955
2026-03-23T06:30:34Z,a3a4e49,main,sentiment/positive_short,120.53
2026-03-23T06:30:34Z,a3a4e49,main,sentiment/negative_medium,294.59
2026-03-23T06:30:34Z,a3a4e49,main,sentiment/neutral_long,317.99
2026-03-23T06:30:34Z,a3a4e49,main,sentiment/mixed_emotions,319.87
2026-03-23T06:30:34Z,a3a4e49,main,sentiment/keyword_dense,557.48
2026-03-23T06:30:34Z,a3a4e49,main,sentiment/negation,176.99
2026-03-23T06:30:34Z,a3a4e49,main,sentiment/intensifiers,247.15
2026-03-23T06:30:34Z,a3a4e49,main,sentiment/sentences_3,469.30
2026-03-23T06:30:34Z,a3a4e49,main,archetype/compose_preamble,205.63
2026-03-23T06:30:34Z,a3a4e49,main,archetype/compose_identity_2_layers,265.88
2026-03-23T06:30:34Z,a3a4e49,main,archetype/compose_identity_5_layers,371.69
2026-03-23T06:30:34Z,a3a4e49,main,archetype/validate,11.578
2026-03-23T06:30:34Z,a3a4e49,main,archetype/template_apply,65.509
2026-03-23T06:30:34Z,a3a4e49,main,archetype/crew_prompt_3,639.87
2026-03-23T06:30:34Z,a3a4e49,main,archetype/merge,282.79
2026-03-23T06:30:34Z,a3a4e49,main,presets/get_preset,59.613
2026-03-23T06:30:34Z,a3a4e49,main,presets/list_presets,0.4851
2026-03-23T06:30:34Z,a3a4e49,main,presets/preset_full_prompt,661.46
2026-03-23T06:30:34Z,a3a4e49,main,serde/personality_serialize,687.20
2026-03-23T06:30:34Z,a3a4e49,main,serde/personality_deserialize,804.87
2026-03-23T06:30:34Z,a3a4e49,main,serde/mood_serialize,129.50
2026-03-23T06:30:34Z,a3a4e49,main,serde/mood_deserialize,170.21
2026-03-23T06:30:34Z,a3a4e49,main,serde/emotional_state_serialize,571.67
2026-03-23T06:30:34Z,a3a4e49,main,serde/emotional_state_deserialize,572.74
2026-03-23T06:50:47Z,fb12b61,main,traits/behavior_lookup,1.9946
2026-03-23T06:50:47Z,fb12b61,main,traits/level_name,1.8732
2026-03-23T06:50:47Z,fb12b61,main,traits/level_from_numeric,6.5666
2026-03-23T06:50:47Z,fb12b61,main,personality/compose_prompt,51.946
2026-03-23T06:50:47Z,fb12b61,main,personality/behavioral_instructions,33.665
2026-03-23T06:50:47Z,fb12b61,main,personality/active_traits,16.534
2026-03-23T06:50:47Z,fb12b61,main,personality/distance,11.431
2026-03-23T06:50:47Z,fb12b61,main,personality/compatibility,13.100
2026-03-23T06:50:47Z,fb12b61,main,personality/blend,99.702
2026-03-23T06:50:47Z,fb12b61,main,personality/group_average,3.4640
2026-03-23T06:50:47Z,fb12b61,main,personality/mutate_toward,38.245
2026-03-23T06:50:47Z,fb12b61,main,personality/group_compatibility,6.3466
2026-03-23T06:50:47Z,fb12b61,main,mood/stimulate,48.149
2026-03-23T06:50:47Z,fb12b61,main,mood/intensity,1.6601
2026-03-23T06:50:47Z,fb12b61,main,mood/blend,2.6978
2026-03-23T06:50:47Z,fb12b61,main,mood/decay,0.2694
2026-03-23T06:50:47Z,fb12b61,main,mood/dominant_emotion,2.0613
2026-03-23T06:50:47Z,fb12b61,main,mood/nudge,1.2167
2026-03-23T06:50:47Z,fb12b61,main,mood/deviation,2.3768
2026-03-23T06:50:47Z,fb12b61,main,mood/apply_decay,38.856
2026-03-23T06:50:47Z,fb12b61,main,mood/classify,4.1334
2026-03-23T06:50:47Z,fb12b61,main,mood/apply_trigger,51.314
2026-03-23T06:50:47Z,fb12b61,main,mood/snapshot,8.7716
2026-03-23T06:50:47Z,fb12b61,main,mood/mood_trait_influence,2.2110
2026-03-23T06:50:47Z,fb12b61,main,mood/history_record,30.455
2026-03-23T06:50:47Z,fb12b61,main,mood/history_deviation_trend,27.974
2026-03-23T06:50:47Z,fb12b61,main,sentiment/positive_short,119.48
2026-03-23T06:50:47Z,fb12b61,main,sentiment/negative_medium,312.45
2026-03-23T06:50:47Z,fb12b61,main,sentiment/neutral_long,357.92
2026-03-23T06:50:47Z,fb12b61,main,sentiment/mixed_emotions,346.10
2026-03-23T06:50:47Z,fb12b61,main,sentiment/keyword_dense,600.56
2026-03-23T06:50:47Z,fb12b61,main,sentiment/negation,194.80
2026-03-23T06:50:47Z,fb12b61,main,sentiment/intensifiers,260.27
2026-03-23T06:50:47Z,fb12b61,main,sentiment/sentences_3,492.09
2026-03-23T06:50:47Z,fb12b61,main,archetype/compose_preamble,214.33
2026-03-23T06:50:47Z,fb12b61,main,archetype/compose_identity_2_layers,273.40
2026-03-23T06:50:47Z,fb12b61,main,archetype/compose_identity_5_layers,362.48
2026-03-23T06:50:47Z,fb12b61,main,archetype/validate,11.451
2026-03-23T06:50:47Z,fb12b61,main,archetype/template_apply,68.197
2026-03-23T06:50:47Z,fb12b61,main,archetype/crew_prompt_3,592.12
2026-03-23T06:50:47Z,fb12b61,main,archetype/merge,287.37
2026-03-23T06:50:47Z,fb12b61,main,presets/get_preset,64.761
2026-03-23T06:50:47Z,fb12b61,main,presets/list_presets,0.4895
2026-03-23T06:50:47Z,fb12b61,main,presets/preset_full_prompt,685.67
2026-03-23T06:50:47Z,fb12b61,main,serde/personality_serialize,958.24
2026-03-23T06:50:47Z,fb12b61,main,serde/personality_deserialize,1294.6000
2026-03-23T06:50:47Z,fb12b61,main,serde/mood_serialize,136.22
2026-03-23T06:50:47Z,fb12b61,main,serde/mood_deserialize,175.71
2026-03-23T06:50:47Z,fb12b61,main,serde/emotional_state_serialize,610.02
2026-03-23T06:50:47Z,fb12b61,main,serde/emotional_state_deserialize,589.81
2026-03-23T07:04:40Z,fb12b61,main,traits/behavior_lookup,1.8280
2026-03-23T07:04:40Z,fb12b61,main,traits/level_name,2.0625
2026-03-23T07:04:40Z,fb12b61,main,traits/level_from_numeric,6.5425
2026-03-23T07:04:40Z,fb12b61,main,personality/compose_prompt,52.130
2026-03-23T07:04:40Z,fb12b61,main,personality/behavioral_instructions,35.214
2026-03-23T07:04:40Z,fb12b61,main,personality/active_traits,16.564
2026-03-23T07:04:40Z,fb12b61,main,personality/distance,11.524
2026-03-23T07:04:40Z,fb12b61,main,personality/compatibility,13.321
2026-03-23T07:04:40Z,fb12b61,main,personality/blend,103.39
2026-03-23T07:04:40Z,fb12b61,main,personality/group_average,3.3974
2026-03-23T07:04:40Z,fb12b61,main,personality/mutate_toward,38.174
2026-03-23T07:04:40Z,fb12b61,main,personality/group_compatibility,6.3723
2026-03-23T07:04:40Z,fb12b61,main,mood/stimulate,47.748
2026-03-23T07:04:40Z,fb12b61,main,mood/intensity,1.6696
2026-03-23T07:04:40Z,fb12b61,main,mood/blend,2.5874
2026-03-23T07:04:40Z,fb12b61,main,mood/decay,0.2679
2026-03-23T07:04:40Z,fb12b61,main,mood/dominant_emotion,1.9255
2026-03-23T07:04:40Z,fb12b61,main,mood/nudge,1.2324
2026-03-23T07:04:40Z,fb12b61,main,mood/deviation,2.3421
2026-03-23T07:04:40Z,fb12b61,main,mood/apply_decay,37.281
2026-03-23T07:04:40Z,fb12b61,main,mood/classify,4.1433
2026-03-23T07:04:40Z,fb12b61,main,mood/apply_trigger,50.280
2026-03-23T07:04:40Z,fb12b61,main,mood/snapshot,8.3586
2026-03-23T07:04:40Z,fb12b61,main,mood/mood_trait_influence,1.9596
2026-03-23T07:04:40Z,fb12b61,main,mood/history_record,33.491
2026-03-23T07:04:40Z,fb12b61,main,mood/history_deviation_trend,28.011
2026-03-23T07:04:40Z,fb12b61,main,mood/derive_baseline,27.935
2026-03-23T07:04:40Z,fb12b61,main,mood/compose_mood_prompt,120.41
2026-03-23T07:04:40Z,fb12b61,main,mood/mood_tone_guide,0.8849
2026-03-23T07:04:40Z,fb12b61,main,sentiment/positive_short,122.80
2026-03-23T07:04:40Z,fb12b61,main,sentiment/negative_medium,290.79
2026-03-23T07:04:40Z,fb12b61,main,sentiment/neutral_long,318.15
2026-03-23T07:04:40Z,fb12b61,main,sentiment/mixed_emotions,318.34
2026-03-23T07:04:40Z,fb12b61,main,sentiment/keyword_dense,567.87
2026-03-23T07:04:40Z,fb12b61,main,sentiment/negation,179.94
2026-03-23T07:04:40Z,fb12b61,main,sentiment/intensifiers,241.61
2026-03-23T07:04:40Z,fb12b61,main,sentiment/sentences_3,517.51
2026-03-23T07:04:40Z,fb12b61,main,archetype/compose_preamble,201.05
2026-03-23T07:04:40Z,fb12b61,main,archetype/compose_identity_2_layers,275.63
2026-03-23T07:04:40Z,fb12b61,main,archetype/compose_identity_5_layers,353.04
2026-03-23T07:04:40Z,fb12b61,main,archetype/validate,11.525
2026-03-23T07:04:40Z,fb12b61,main,archetype/template_apply,79.167
2026-03-23T07:04:40Z,fb12b61,main,archetype/crew_prompt_3,1043.1000
2026-03-23T07:04:40Z,fb12b61,main,archetype/merge,273.26
2026-03-23T07:04:40Z,fb12b61,main,presets/get_preset,60.963
2026-03-23T07:04:40Z,fb12b61,main,presets/list_presets,0.4895
2026-03-23T07:04:40Z,fb12b61,main,presets/preset_full_prompt,656.51
2026-03-23T07:04:40Z,fb12b61,main,spirit/compose_prompt,279.49
2026-03-23T07:04:40Z,fb12b61,main,serde/personality_serialize,887.44
2026-03-23T07:04:40Z,fb12b61,main,serde/personality_deserialize,1234.4000
2026-03-23T07:04:40Z,fb12b61,main,serde/mood_serialize,130.42
2026-03-23T07:04:40Z,fb12b61,main,serde/mood_deserialize,172.07
2026-03-23T07:04:40Z,fb12b61,main,serde/emotional_state_serialize,559.72
2026-03-23T07:04:40Z,fb12b61,main,serde/emotional_state_deserialize,565.30
2026-03-23T07:23:36Z,fb12b61,main,traits/behavior_lookup,1.9096
2026-03-23T07:23:36Z,fb12b61,main,traits/level_name,1.8998
2026-03-23T07:23:36Z,fb12b61,main,traits/level_from_numeric,6.5799
2026-03-23T07:23:36Z,fb12b61,main,personality/compose_prompt,49.361
2026-03-23T07:23:36Z,fb12b61,main,personality/behavioral_instructions,31.482
2026-03-23T07:23:36Z,fb12b61,main,personality/active_traits,19.756
2026-03-23T07:23:36Z,fb12b61,main,personality/distance,11.604
2026-03-23T07:23:36Z,fb12b61,main,personality/compatibility,13.973
2026-03-23T07:23:36Z,fb12b61,main,personality/blend,101.55
2026-03-23T07:23:36Z,fb12b61,main,personality/group_average,3.5332
2026-03-23T07:23:36Z,fb12b61,main,personality/mutate_toward,39.281
2026-03-23T07:23:36Z,fb12b61,main,personality/group_compatibility,7.2590
2026-03-23T07:23:36Z,fb12b61,main,mood/stimulate,48.447
2026-03-23T07:23:36Z,fb12b61,main,mood/intensity,1.7251
2026-03-23T07:23:36Z,fb12b61,main,mood/blend,2.7457
2026-03-23T07:23:36Z,fb12b61,main,mood/decay,0.2729
2026-03-23T07:23:36Z,fb12b61,main,mood/dominant_emotion,1.9560
2026-03-23T07:23:36Z,fb12b61,main,mood/nudge,1.2216
2026-03-23T07:23:36Z,fb12b61,main,mood/deviation,2.3123
2026-03-23T07:23:36Z,fb12b61,main,mood/apply_decay,37.379
2026-03-23T07:23:36Z,fb12b61,main,mood/classify,4.1295
2026-03-23T07:23:36Z,fb12b61,main,mood/apply_trigger,50.049
2026-03-23T07:23:36Z,fb12b61,main,mood/snapshot,8.4372
2026-03-23T07:23:36Z,fb12b61,main,mood/mood_trait_influence,1.9447
2026-03-23T07:23:36Z,fb12b61,main,mood/history_record,29.272
2026-03-23T07:23:36Z,fb12b61,main,mood/history_deviation_trend,28.777
2026-03-23T07:23:36Z,fb12b61,main,mood/derive_baseline,27.348
2026-03-23T07:23:36Z,fb12b61,main,mood/compose_mood_prompt,116.39
2026-03-23T07:23:36Z,fb12b61,main,mood/mood_tone_guide,1.3937
2026-03-23T07:23:36Z,fb12b61,main,sentiment/positive_short,125.58
2026-03-23T07:23:36Z,fb12b61,main,sentiment/negative_medium,320.40
2026-03-23T07:23:36Z,fb12b61,main,sentiment/neutral_long,355.25
2026-03-23T07:23:36Z,fb12b61,main,sentiment/mixed_emotions,420.43
2026-03-23T07:23:36Z,fb12b61,main,sentiment/keyword_dense,637.57
2026-03-23T07:23:36Z,fb12b61,main,sentiment/negation,194.20
2026-03-23T07:23:36Z,fb12b61,main,sentiment/intensifiers,265.40
2026-03-23T07:23:36Z,fb12b61,main,sentiment/sentences_3,493.74
2026-03-23T07:23:36Z,fb12b61,main,archetype/compose_preamble,192.08
2026-03-23T07:23:36Z,fb12b61,main,archetype/compose_identity_2_layers,272.68
2026-03-23T07:23:36Z,fb12b61,main,archetype/compose_identity_5_layers,358.14
2026-03-23T07:23:36Z,fb12b61,main,archetype/validate,11.812
2026-03-23T07:23:36Z,fb12b61,main,archetype/template_apply,67.964
2026-03-23T07:23:36Z,fb12b61,main,archetype/crew_prompt_3,616.36
2026-03-23T07:23:36Z,fb12b61,main,archetype/merge,283.12
2026-03-23T07:23:36Z,fb12b61,main,presets/get_preset,69.357
2026-03-23T07:23:36Z,fb12b61,main,presets/list_presets,0.4879
2026-03-23T07:23:36Z,fb12b61,main,presets/preset_full_prompt,637.25
2026-03-23T07:23:36Z,fb12b61,main,spirit/compose_prompt,272.16
2026-03-23T07:23:36Z,fb12b61,main,serde/personality_serialize,956.57
2026-03-23T07:23:36Z,fb12b61,main,serde/personality_deserialize,1237.5000
2026-03-23T07:23:36Z,fb12b61,main,serde/mood_serialize,133.05
2026-03-23T07:23:36Z,fb12b61,main,serde/mood_deserialize,173.90
2026-03-23T07:23:36Z,fb12b61,main,serde/emotional_state_serialize,596.61
2026-03-23T07:23:36Z,fb12b61,main,serde/emotional_state_deserialize,585.29
2026-03-23T07:43:14Z,fc7cc48,main,traits/behavior_lookup,2.2105
2026-03-23T07:43:14Z,fc7cc48,main,traits/level_name,1.8424
2026-03-23T07:43:14Z,fc7cc48,main,traits/level_from_numeric,6.8450
2026-03-23T07:43:14Z,fc7cc48,main,personality/compose_prompt,52.094
2026-03-23T07:43:14Z,fc7cc48,main,personality/behavioral_instructions,41.117
2026-03-23T07:43:14Z,fc7cc48,main,personality/active_traits,17.498
2026-03-23T07:43:14Z,fc7cc48,main,personality/distance,11.893
2026-03-23T07:43:14Z,fc7cc48,main,personality/compatibility,14.055
2026-03-23T07:43:14Z,fc7cc48,main,personality/blend,101.52
2026-03-23T07:43:14Z,fc7cc48,main,personality/group_average,3.4886
2026-03-23T07:43:14Z,fc7cc48,main,personality/mutate_toward,38.649
2026-03-23T07:43:14Z,fc7cc48,main,personality/group_compatibility,7.2982
2026-03-23T07:43:14Z,fc7cc48,main,mood/stimulate,48.093
2026-03-23T07:43:14Z,fc7cc48,main,mood/intensity,1.6744
2026-03-23T07:43:14Z,fc7cc48,main,mood/blend,2.6757
2026-03-23T07:43:14Z,fc7cc48,main,mood/decay,0.2706
2026-03-23T07:43:14Z,fc7cc48,main,mood/dominant_emotion,2.2015
2026-03-23T07:43:14Z,fc7cc48,main,mood/nudge,1.2414
2026-03-23T07:43:14Z,fc7cc48,main,mood/deviation,2.3725
2026-03-23T07:43:14Z,fc7cc48,main,mood/apply_decay,37.166
2026-03-23T07:43:14Z,fc7cc48,main,mood/classify,4.1063
2026-03-23T07:43:14Z,fc7cc48,main,mood/apply_trigger,49.996
2026-03-23T07:43:14Z,fc7cc48,main,mood/snapshot,8.2385
2026-03-23T07:43:14Z,fc7cc48,main,mood/mood_trait_influence,2.1691
2026-03-23T07:43:14Z,fc7cc48,main,mood/history_record,30.797
2026-03-23T07:43:14Z,fc7cc48,main,mood/history_deviation_trend,27.823
2026-03-23T07:43:14Z,fc7cc48,main,mood/derive_baseline,27.827
2026-03-23T07:43:14Z,fc7cc48,main,mood/compose_mood_prompt,133.80
2026-03-23T07:43:14Z,fc7cc48,main,mood/mood_tone_guide,1.3891
2026-03-23T07:43:14Z,fc7cc48,main,sentiment/positive_short,123.12
2026-03-23T07:43:14Z,fc7cc48,main,sentiment/negative_medium,296.26
2026-03-23T07:43:14Z,fc7cc48,main,sentiment/neutral_long,322.01
2026-03-23T07:43:14Z,fc7cc48,main,sentiment/mixed_emotions,327.72
2026-03-23T07:43:14Z,fc7cc48,main,sentiment/keyword_dense,581.14
2026-03-23T07:43:14Z,fc7cc48,main,sentiment/negation,185.71
2026-03-23T07:43:14Z,fc7cc48,main,sentiment/intensifiers,243.79
2026-03-23T07:43:14Z,fc7cc48,main,sentiment/sentences_3,538.62
2026-03-23T07:43:14Z,fc7cc48,main,archetype/compose_preamble,208.46
2026-03-23T07:43:14Z,fc7cc48,main,archetype/compose_identity_2_layers,298.45
2026-03-23T07:43:14Z,fc7cc48,main,archetype/compose_identity_5_layers,373.08
2026-03-23T07:43:14Z,fc7cc48,main,archetype/validate,11.598
2026-03-23T07:43:14Z,fc7cc48,main,archetype/template_apply,65.848
2026-03-23T07:43:14Z,fc7cc48,main,archetype/crew_prompt_3,606.74
2026-03-23T07:43:14Z,fc7cc48,main,archetype/merge,300.56
2026-03-23T07:43:14Z,fc7cc48,main,presets/get_preset,66.222
2026-03-23T07:43:14Z,fc7cc48,main,presets/list_presets,0.4831
2026-03-23T07:43:14Z,fc7cc48,main,presets/preset_full_prompt,656.90
2026-03-23T07:43:14Z,fc7cc48,main,spirit/compose_prompt,261.79
2026-03-23T07:43:14Z,fc7cc48,main,relationship/record_interaction,36.915
2026-03-23T07:43:14Z,fc7cc48,main,relationship/decay_10,361.60
2026-03-23T07:43:14Z,fc7cc48,main,markdown/to_markdown,695.23
2026-03-23T07:43:14Z,fc7cc48,main,markdown/from_markdown,2709.5000
2026-03-23T07:43:14Z,fc7cc48,main,serde/personality_serialize,935.39
2026-03-23T07:43:14Z,fc7cc48,main,serde/personality_deserialize,1202.5000
2026-03-23T07:43:14Z,fc7cc48,main,serde/mood_serialize,136.57
2026-03-23T07:43:14Z,fc7cc48,main,serde/mood_deserialize,173.98
2026-03-23T07:43:14Z,fc7cc48,main,serde/emotional_state_serialize,588.37
2026-03-23T07:43:14Z,fc7cc48,main,serde/emotional_state_deserialize,579.93
2026-03-23T07:55:15Z,fc7cc48,main,traits/behavior_lookup,1.9387
2026-03-23T07:55:15Z,fc7cc48,main,traits/level_name,1.7040
2026-03-23T07:55:15Z,fc7cc48,main,traits/level_from_numeric,6.5451
2026-03-23T07:55:15Z,fc7cc48,main,personality/compose_prompt,48.455
2026-03-23T07:55:15Z,fc7cc48,main,personality/behavioral_instructions,32.736
2026-03-23T07:55:15Z,fc7cc48,main,personality/active_traits,16.415
2026-03-23T07:55:15Z,fc7cc48,main,personality/distance,11.506
2026-03-23T07:55:15Z,fc7cc48,main,personality/compatibility,13.755
2026-03-23T07:55:15Z,fc7cc48,main,personality/blend,101.83
2026-03-23T07:55:15Z,fc7cc48,main,personality/group_average,3.5096
2026-03-23T07:55:15Z,fc7cc48,main,personality/mutate_toward,38.567
2026-03-23T07:55:15Z,fc7cc48,main,personality/group_compatibility,7.1762
2026-03-23T07:55:15Z,fc7cc48,main,mood/stimulate,52.067
2026-03-23T07:55:15Z,fc7cc48,main,mood/intensity,1.6710
2026-03-23T07:55:15Z,fc7cc48,main,mood/blend,2.5891
2026-03-23T07:55:15Z,fc7cc48,main,mood/decay,0.2650
2026-03-23T07:55:15Z,fc7cc48,main,mood/dominant_emotion,1.9292
2026-03-23T07:55:15Z,fc7cc48,main,mood/nudge,1.2081
2026-03-23T07:55:15Z,fc7cc48,main,mood/deviation,2.2967
2026-03-23T07:55:15Z,fc7cc48,main,mood/apply_decay,36.629
2026-03-23T07:55:15Z,fc7cc48,main,mood/classify,5.5937
2026-03-23T07:55:15Z,fc7cc48,main,mood/apply_trigger,52.058
2026-03-23T07:55:15Z,fc7cc48,main,mood/snapshot,8.5042
2026-03-23T07:55:15Z,fc7cc48,main,mood/mood_trait_influence,2.2444
2026-03-23T07:55:15Z,fc7cc48,main,mood/history_record,31.276
2026-03-23T07:55:15Z,fc7cc48,main,mood/history_deviation_trend,28.082
2026-03-23T07:55:15Z,fc7cc48,main,mood/derive_baseline,28.038
2026-03-23T07:55:15Z,fc7cc48,main,mood/compose_mood_prompt,136.39
2026-03-23T07:55:15Z,fc7cc48,main,mood/mood_tone_guide,0.9081
2026-03-23T07:55:15Z,fc7cc48,main,sentiment/positive_short,162.80
2026-03-23T07:55:15Z,fc7cc48,main,sentiment/negative_medium,344.99
2026-03-23T07:55:15Z,fc7cc48,main,sentiment/neutral_long,383.99
2026-03-23T07:55:15Z,fc7cc48,main,sentiment/mixed_emotions,414.92
2026-03-23T07:55:15Z,fc7cc48,main,sentiment/keyword_dense,671.35
2026-03-23T07:55:15Z,fc7cc48,main,sentiment/negation,223.81
2026-03-23T07:55:15Z,fc7cc48,main,sentiment/intensifiers,305.46
2026-03-23T07:55:15Z,fc7cc48,main,sentiment/sentences_3,595.42
2026-03-23T07:55:15Z,fc7cc48,main,archetype/compose_preamble,229.55
2026-03-23T07:55:15Z,fc7cc48,main,archetype/compose_identity_2_layers,316.59
2026-03-23T07:55:15Z,fc7cc48,main,archetype/compose_identity_5_layers,396.83
2026-03-23T07:55:15Z,fc7cc48,main,archetype/validate,11.413
2026-03-23T07:55:15Z,fc7cc48,main,archetype/template_apply,73.675
2026-03-23T07:55:15Z,fc7cc48,main,archetype/crew_prompt_3,662.38
2026-03-23T07:55:15Z,fc7cc48,main,archetype/merge,292.60
2026-03-23T07:55:15Z,fc7cc48,main,presets/get_preset,64.978
2026-03-23T07:55:15Z,fc7cc48,main,presets/list_presets,0.4976
2026-03-23T07:55:15Z,fc7cc48,main,presets/preset_full_prompt,677.95
2026-03-23T07:55:15Z,fc7cc48,main,spirit/compose_prompt,240.83
2026-03-23T07:55:15Z,fc7cc48,main,relationship/record_interaction,40.674
2026-03-23T07:55:15Z,fc7cc48,main,relationship/decay_10,393.66
2026-03-23T07:55:15Z,fc7cc48,main,markdown/to_markdown,845.51
2026-03-23T07:55:15Z,fc7cc48,main,markdown/from_markdown,2898.8000
2026-03-23T07:55:15Z,fc7cc48,main,serde/personality_serialize,976.26
2026-03-23T07:55:15Z,fc7cc48,main,serde/personality_deserialize,1232.7000
2026-03-23T07:55:15Z,fc7cc48,main,serde/mood_serialize,140.07
2026-03-23T07:55:15Z,fc7cc48,main,serde/mood_deserialize,173.32
2026-03-23T07:55:15Z,fc7cc48,main,serde/emotional_state_serialize,656.42
2026-03-23T07:55:15Z,fc7cc48,main,serde/emotional_state_deserialize,618.64
2026-03-23T08:20:45Z,146bb6e,main,traits/behavior_lookup,1.9193
2026-03-23T08:20:45Z,146bb6e,main,traits/level_name,1.7160
2026-03-23T08:20:45Z,146bb6e,main,traits/level_from_numeric,6.4792
2026-03-23T08:20:45Z,146bb6e,main,personality/compose_prompt,49.513
2026-03-23T08:20:45Z,146bb6e,main,personality/behavioral_instructions,31.958
2026-03-23T08:20:45Z,146bb6e,main,personality/active_traits,16.255
2026-03-23T08:20:45Z,146bb6e,main,personality/distance,11.367
2026-03-23T08:20:45Z,146bb6e,main,personality/compatibility,13.743
2026-03-23T08:20:45Z,146bb6e,main,personality/blend,98.855
2026-03-23T08:20:45Z,146bb6e,main,personality/group_average,3.4319
2026-03-23T08:20:45Z,146bb6e,main,personality/mutate_toward,38.005
2026-03-23T08:20:45Z,146bb6e,main,personality/group_compatibility,7.1880
2026-03-23T08:20:45Z,146bb6e,main,mood/stimulate,47.577
2026-03-23T08:20:45Z,146bb6e,main,mood/intensity,1.6216
2026-03-23T08:20:45Z,146bb6e,main,mood/blend,2.5409
2026-03-23T08:20:45Z,146bb6e,main,mood/decay,0.2625
2026-03-23T08:20:45Z,146bb6e,main,mood/dominant_emotion,1.9040
2026-03-23T08:20:45Z,146bb6e,main,mood/nudge,1.1957
2026-03-23T08:20:45Z,146bb6e,main,mood/deviation,2.2687
2026-03-23T08:20:45Z,146bb6e,main,mood/apply_decay,37.044
2026-03-23T08:20:45Z,146bb6e,main,mood/classify,4.0486
2026-03-23T08:20:45Z,146bb6e,main,mood/apply_trigger,49.967
2026-03-23T08:20:45Z,146bb6e,main,mood/snapshot,8.3380
2026-03-23T08:20:45Z,146bb6e,main,mood/mood_trait_influence,2.2817
2026-03-23T08:20:45Z,146bb6e,main,mood/history_record,28.780
2026-03-23T08:20:45Z,146bb6e,main,mood/history_deviation_trend,27.277
2026-03-23T08:20:45Z,146bb6e,main,mood/derive_baseline,27.099
2026-03-23T08:20:45Z,146bb6e,main,mood/compose_mood_prompt,113.34
2026-03-23T08:20:45Z,146bb6e,main,mood/mood_tone_guide,1.3723
2026-03-23T08:20:45Z,146bb6e,main,sentiment/positive_short,114.78
2026-03-23T08:20:45Z,146bb6e,main,sentiment/negative_medium,311.71
2026-03-23T08:20:45Z,146bb6e,main,sentiment/neutral_long,343.19
2026-03-23T08:20:45Z,146bb6e,main,sentiment/mixed_emotions,346.16
2026-03-23T08:20:45Z,146bb6e,main,sentiment/keyword_dense,1075.7000
2026-03-23T08:20:45Z,146bb6e,main,sentiment/negation,225.55
2026-03-23T08:20:45Z,146bb6e,main,sentiment/intensifiers,304.47
2026-03-23T08:20:45Z,146bb6e,main,sentiment/sentences_3,535.11
2026-03-23T08:20:45Z,146bb6e,main,archetype/compose_preamble,212.74
2026-03-23T08:20:45Z,146bb6e,main,archetype/compose_identity_2_layers,353.51
2026-03-23T08:20:45Z,146bb6e,main,archetype/compose_identity_5_layers,424.92
2026-03-23T08:20:45Z,146bb6e,main,archetype/validate,12.383
2026-03-23T08:20:45Z,146bb6e,main,archetype/template_apply,71.551
2026-03-23T08:20:45Z,146bb6e,main,archetype/crew_prompt_3,639.57
2026-03-23T08:20:45Z,146bb6e,main,archetype/merge,289.70
2026-03-23T08:20:45Z,146bb6e,main,presets/get_preset,61.923
2026-03-23T08:20:45Z,146bb6e,main,presets/list_presets,0.5124
2026-03-23T08:20:45Z,146bb6e,main,presets/preset_full_prompt,679.36
2026-03-23T08:20:45Z,146bb6e,main,spirit/compose_prompt,272.52
2026-03-23T08:20:45Z,146bb6e,main,relationship/record_interaction,42.065
2026-03-23T08:20:45Z,146bb6e,main,relationship/decay_10,344.28
2026-03-23T08:20:45Z,146bb6e,main,markdown/to_markdown,822.71
2026-03-23T08:20:45Z,146bb6e,main,markdown/from_markdown,2581.7000
2026-03-23T08:20:45Z,146bb6e,main,ai/compose_system_prompt,534.30
2026-03-23T08:20:45Z,146bb6e,main,ai/compose_system_prompt_minimal,367.99
2026-03-23T08:20:45Z,146bb6e,main,ai/apply_sentiment_feedback,410.46
2026-03-23T08:20:45Z,146bb6e,main,ai/build_personality_metadata,220.86
2026-03-23T08:20:45Z,146bb6e,main,ai/feedback_from_outcome,76.824
2026-03-23T08:20:45Z,146bb6e,main,serde/personality_serialize,938.81
2026-03-23T08:20:45Z,146bb6e,main,serde/personality_deserialize,1308.4000
2026-03-23T08:20:45Z,146bb6e,main,serde/mood_serialize,141.34
2026-03-23T08:20:45Z,146bb6e,main,serde/mood_deserialize,187.98
2026-03-23T08:20:45Z,146bb6e,main,serde/emotional_state_serialize,632.70
2026-03-23T08:20:45Z,146bb6e,main,serde/emotional_state_deserialize,656.81
2026-03-23T08:31:37Z,146bb6e,main,traits/behavior_lookup,2.1589
2026-03-23T08:31:37Z,146bb6e,main,traits/level_name,1.8024
2026-03-23T08:31:37Z,146bb6e,main,traits/level_from_numeric,7.0001
2026-03-23T08:31:37Z,146bb6e,main,personality/compose_prompt,59.442
2026-03-23T08:31:37Z,146bb6e,main,personality/behavioral_instructions,38.008
2026-03-23T08:31:37Z,146bb6e,main,personality/active_traits,18.794
2026-03-23T08:31:37Z,146bb6e,main,personality/distance,13.327
2026-03-23T08:31:37Z,146bb6e,main,personality/compatibility,15.472
2026-03-23T08:31:37Z,146bb6e,main,personality/blend,115.74
2026-03-23T08:31:37Z,146bb6e,main,personality/group_average,4.0513
2026-03-23T08:31:37Z,146bb6e,main,personality/mutate_toward,40.805
2026-03-23T08:31:37Z,146bb6e,main,personality/group_compatibility,7.6466
2026-03-23T08:31:37Z,146bb6e,main,mood/stimulate,51.032
2026-03-23T08:31:37Z,146bb6e,main,mood/intensity,1.8684
2026-03-23T08:31:37Z,146bb6e,main,mood/blend,2.7641
2026-03-23T08:31:37Z,146bb6e,main,mood/decay,0.4401
2026-03-23T08:31:37Z,146bb6e,main,mood/dominant_emotion,2.2587
2026-03-23T08:31:37Z,146bb6e,main,mood/nudge,1.3594
2026-03-23T08:31:37Z,146bb6e,main,mood/deviation,2.6276
2026-03-23T08:31:37Z,146bb6e,main,mood/apply_decay,42.353
2026-03-23T08:31:37Z,146bb6e,main,mood/classify,4.5885
2026-03-23T08:31:37Z,146bb6e,main,mood/apply_trigger,55.467
2026-03-23T08:31:37Z,146bb6e,main,mood/snapshot,9.5006
2026-03-23T08:31:37Z,146bb6e,main,mood/mood_trait_influence,2.2927
2026-03-23T08:31:37Z,146bb6e,main,mood/history_record,38.424
2026-03-23T08:31:37Z,146bb6e,main,mood/history_deviation_trend,31.493
2026-03-23T08:31:37Z,146bb6e,main,mood/derive_baseline,32.911
2026-03-23T08:31:37Z,146bb6e,main,mood/compose_mood_prompt,138.18
2026-03-23T08:31:37Z,146bb6e,main,mood/mood_tone_guide,1.0494
2026-03-23T08:31:37Z,146bb6e,main,sentiment/positive_short,136.03
2026-03-23T08:31:37Z,146bb6e,main,sentiment/negative_medium,770.84
2026-03-23T08:31:37Z,146bb6e,main,sentiment/neutral_long,659.63
2026-03-23T08:31:37Z,146bb6e,main,sentiment/mixed_emotions,655.10
2026-03-23T08:31:37Z,146bb6e,main,sentiment/keyword_dense,730.40
2026-03-23T08:31:37Z,146bb6e,main,sentiment/negation,262.50
2026-03-23T08:31:37Z,146bb6e,main,sentiment/intensifiers,348.06
2026-03-23T08:31:37Z,146bb6e,main,sentiment/sentences_3,594.17
2026-03-23T08:31:37Z,146bb6e,main,archetype/compose_preamble,237.23
2026-03-23T08:31:37Z,146bb6e,main,archetype/compose_identity_2_layers,319.60
2026-03-23T08:31:37Z,146bb6e,main,archetype/compose_identity_5_layers,424.66
2026-03-23T08:31:37Z,146bb6e,main,archetype/validate,14.044
2026-03-23T08:31:37Z,146bb6e,main,archetype/template_apply,75.615
2026-03-23T08:31:37Z,146bb6e,main,archetype/crew_prompt_3,737.32
2026-03-23T08:31:37Z,146bb6e,main,archetype/merge,321.33
2026-03-23T08:31:37Z,146bb6e,main,presets/get_preset,70.145
2026-03-23T08:31:37Z,146bb6e,main,presets/list_presets,0.5706
2026-03-23T08:31:37Z,146bb6e,main,presets/preset_full_prompt,772.24
2026-03-23T08:31:37Z,146bb6e,main,spirit/compose_prompt,253.59
2026-03-23T08:31:37Z,146bb6e,main,relationship/record_interaction,45.463
2026-03-23T08:31:37Z,146bb6e,main,relationship/decay_10,449.94
2026-03-23T08:31:37Z,146bb6e,main,markdown/to_markdown,887.11
2026-03-23T08:31:37Z,146bb6e,main,markdown/from_markdown,2798.1000
2026-03-23T08:31:37Z,146bb6e,main,ai/compose_system_prompt,606.69
2026-03-23T08:31:37Z,146bb6e,main,ai/compose_system_prompt_minimal,448.55
2026-03-23T08:31:37Z,146bb6e,main,ai/apply_sentiment_feedback,316.30
2026-03-23T08:31:37Z,146bb6e,main,ai/build_personality_metadata,248.79
2026-03-23T08:31:37Z,146bb6e,main,ai/feedback_from_outcome,82.003
2026-03-23T08:31:37Z,146bb6e,main,serde/personality_serialize,934.02
2026-03-23T08:31:37Z,146bb6e,main,serde/personality_deserialize,1329.9000
2026-03-23T08:31:37Z,146bb6e,main,serde/mood_serialize,135.94
2026-03-23T08:31:37Z,146bb6e,main,serde/mood_deserialize,177.95
2026-03-23T08:31:37Z,146bb6e,main,serde/emotional_state_serialize,604.29
2026-03-23T08:31:37Z,146bb6e,main,serde/emotional_state_deserialize,621.72
2026-03-23T09:18:10Z,1255508,main,traits/behavior_lookup,2.2578
2026-03-23T09:18:10Z,1255508,main,traits/level_name,1.9671
2026-03-23T09:18:10Z,1255508,main,traits/level_from_numeric,6.6143
2026-03-23T09:18:10Z,1255508,main,personality/compose_prompt,52.835
2026-03-23T09:18:10Z,1255508,main,personality/behavioral_instructions,35.691
2026-03-23T09:18:10Z,1255508,main,personality/active_traits,16.093
2026-03-23T09:18:10Z,1255508,main,personality/distance,11.497
2026-03-23T09:18:10Z,1255508,main,personality/compatibility,13.894
2026-03-23T09:18:10Z,1255508,main,personality/blend,101.42
2026-03-23T09:18:10Z,1255508,main,personality/group_average,3.5540
2026-03-23T09:18:10Z,1255508,main,personality/mutate_toward,39.838
2026-03-23T09:18:10Z,1255508,main,personality/group_compatibility,7.1661
2026-03-23T09:18:10Z,1255508,main,mood/stimulate,47.972
2026-03-23T09:18:10Z,1255508,main,mood/intensity,1.6750
2026-03-23T09:18:10Z,1255508,main,mood/blend,2.7977
2026-03-23T09:18:10Z,1255508,main,mood/decay,0.5023
2026-03-23T09:18:10Z,1255508,main,mood/dominant_emotion,2.1889
2026-03-23T09:18:10Z,1255508,main,mood/nudge,1.2174
2026-03-23T09:18:10Z,1255508,main,mood/deviation,2.3820
2026-03-23T09:18:10Z,1255508,main,mood/apply_decay,38.179
2026-03-23T09:18:10Z,1255508,main,mood/classify,4.0925
2026-03-23T09:18:10Z,1255508,main,mood/apply_trigger,50.671
2026-03-23T09:18:10Z,1255508,main,mood/snapshot,8.5298
2026-03-23T09:18:10Z,1255508,main,mood/mood_trait_influence,2.2021
2026-03-23T09:18:10Z,1255508,main,mood/history_record,29.758
2026-03-23T09:18:10Z,1255508,main,mood/history_deviation_trend,28.929
2026-03-23T09:18:10Z,1255508,main,mood/derive_baseline,20.621
2026-03-23T09:18:10Z,1255508,main,mood/compose_mood_prompt,124.29
2026-03-23T09:18:10Z,1255508,main,mood/mood_tone_guide,1.4309
2026-03-23T09:18:10Z,1255508,main,sentiment/positive_short,122.22
2026-03-23T09:18:10Z,1255508,main,sentiment/negative_medium,325.70
2026-03-23T09:18:10Z,1255508,main,sentiment/neutral_long,406.55
2026-03-23T09:18:10Z,1255508,main,sentiment/mixed_emotions,403.49
2026-03-23T09:18:10Z,1255508,main,sentiment/keyword_dense,694.84
2026-03-23T09:18:10Z,1255508,main,sentiment/negation,213.03
2026-03-23T09:18:10Z,1255508,main,sentiment/intensifiers,283.21
2026-03-23T09:18:10Z,1255508,main,sentiment/sentences_3,561.86
2026-03-23T09:18:10Z,1255508,main,archetype/compose_preamble,206.56
2026-03-23T09:18:10Z,1255508,main,archetype/compose_identity_2_layers,280.13
2026-03-23T09:18:10Z,1255508,main,archetype/compose_identity_5_layers,402.51
2026-03-23T09:18:10Z,1255508,main,archetype/validate,12.631
2026-03-23T09:18:10Z,1255508,main,archetype/template_apply,69.343
2026-03-23T09:18:10Z,1255508,main,archetype/crew_prompt_3,636.54
2026-03-23T09:18:10Z,1255508,main,archetype/merge,315.29
2026-03-23T09:18:10Z,1255508,main,presets/get_preset,66.016
2026-03-23T09:18:10Z,1255508,main,presets/list_presets,0.4992
2026-03-23T09:18:10Z,1255508,main,presets/preset_full_prompt,704.53
2026-03-23T09:18:10Z,1255508,main,spirit/compose_prompt,244.71
2026-03-23T09:18:10Z,1255508,main,relationship/record_interaction,37.119
2026-03-23T09:18:10Z,1255508,main,relationship/decay_10,388.90
2026-03-23T09:18:10Z,1255508,main,markdown/to_markdown,787.44
2026-03-23T09:18:10Z,1255508,main,markdown/from_markdown,2584.4000
2026-03-23T09:18:10Z,1255508,main,ai/compose_system_prompt,571.86
2026-03-23T09:18:10Z,1255508,main,ai/compose_system_prompt_minimal,418.47
2026-03-23T09:18:10Z,1255508,main,ai/apply_sentiment_feedback,294.92
2026-03-23T09:18:10Z,1255508,main,ai/build_personality_metadata,227.83
2026-03-23T09:18:10Z,1255508,main,ai/feedback_from_outcome,83.128
2026-03-23T09:18:10Z,1255508,main,monitor/feed_sentence,411.74
2026-03-23T09:18:10Z,1255508,main,monitor/feed_and_apply,325.22
2026-03-23T09:18:10Z,1255508,main,monitor/streaming_10_tokens,1199.7000
2026-03-23T09:18:10Z,1255508,main,serde/personality_serialize,1013.6000
2026-03-23T09:18:10Z,1255508,main,serde/personality_deserialize,1232.2000
2026-03-23T09:18:10Z,1255508,main,serde/mood_serialize,138.03
2026-03-23T09:18:10Z,1255508,main,serde/mood_deserialize,180.57
2026-03-23T09:18:10Z,1255508,main,serde/emotional_state_serialize,610.58
2026-03-23T09:18:10Z,1255508,main,serde/emotional_state_deserialize,584.00
2026-03-23T09:32:46Z,8ac13f4,main,traits/behavior_lookup,1.9580
2026-03-23T09:32:46Z,8ac13f4,main,traits/level_name,2.0017
2026-03-23T09:32:46Z,8ac13f4,main,traits/level_from_numeric,6.9511
2026-03-23T09:32:46Z,8ac13f4,main,personality/compose_prompt,58.299
2026-03-23T09:32:46Z,8ac13f4,main,personality/behavioral_instructions,37.285
2026-03-23T09:32:46Z,8ac13f4,main,personality/active_traits,17.036
2026-03-23T09:32:46Z,8ac13f4,main,personality/distance,12.667
2026-03-23T09:32:46Z,8ac13f4,main,personality/compatibility,15.479
2026-03-23T09:32:46Z,8ac13f4,main,personality/blend,112.93
2026-03-23T09:32:46Z,8ac13f4,main,personality/group_average,3.8034
2026-03-23T09:32:46Z,8ac13f4,main,personality/mutate_toward,43.561
2026-03-23T09:32:46Z,8ac13f4,main,personality/group_compatibility,7.7939
2026-03-23T09:32:46Z,8ac13f4,main,mood/stimulate,51.563
2026-03-23T09:32:46Z,8ac13f4,main,mood/intensity,1.8376
2026-03-23T09:32:46Z,8ac13f4,main,mood/blend,2.8586
2026-03-23T09:32:46Z,8ac13f4,main,mood/decay,0.9052
2026-03-23T09:32:46Z,8ac13f4,main,mood/dominant_emotion,2.4341
2026-03-23T09:32:46Z,8ac13f4,main,mood/nudge,1.3507
2026-03-23T09:32:46Z,8ac13f4,main,mood/deviation,2.4811
2026-03-23T09:32:46Z,8ac13f4,main,mood/apply_decay,39.794
2026-03-23T09:32:46Z,8ac13f4,main,mood/classify,4.3854
2026-03-23T09:32:46Z,8ac13f4,main,mood/apply_trigger,52.277
2026-03-23T09:32:46Z,8ac13f4,main,mood/snapshot,8.6307
2026-03-23T09:32:46Z,8ac13f4,main,mood/mood_trait_influence,2.2647
2026-03-23T09:32:46Z,8ac13f4,main,mood/history_record,37.956
2026-03-23T09:32:46Z,8ac13f4,main,mood/history_deviation_trend,31.715
2026-03-23T09:32:46Z,8ac13f4,main,mood/derive_baseline,22.158
2026-03-23T09:32:46Z,8ac13f4,main,mood/compose_mood_prompt,136.35
2026-03-23T09:32:46Z,8ac13f4,main,mood/mood_tone_guide,1.4712
2026-03-23T09:32:46Z,8ac13f4,main,sentiment/positive_short,122.68
2026-03-23T09:32:46Z,8ac13f4,main,sentiment/negative_medium,332.73
2026-03-23T09:32:46Z,8ac13f4,main,sentiment/neutral_long,389.47
2026-03-23T09:32:46Z,8ac13f4,main,sentiment/mixed_emotions,395.08
2026-03-23T09:32:46Z,8ac13f4,main,sentiment/keyword_dense,661.21
2026-03-23T09:32:46Z,8ac13f4,main,sentiment/negation,224.02
2026-03-23T09:32:46Z,8ac13f4,main,sentiment/intensifiers,293.16
2026-03-23T09:32:46Z,8ac13f4,main,sentiment/sentences_3,548.54
2026-03-23T09:32:46Z,8ac13f4,main,archetype/compose_preamble,235.53
2026-03-23T09:32:46Z,8ac13f4,main,archetype/compose_identity_2_layers,267.06
2026-03-23T09:32:46Z,8ac13f4,main,archetype/compose_identity_5_layers,360.95
2026-03-23T09:32:46Z,8ac13f4,main,archetype/validate,11.761
2026-03-23T09:32:46Z,8ac13f4,main,archetype/template_apply,71.291
2026-03-23T09:32:46Z,8ac13f4,main,archetype/crew_prompt_3,749.47
2026-03-23T09:32:46Z,8ac13f4,main,archetype/merge,339.68
2026-03-23T09:32:46Z,8ac13f4,main,presets/get_preset,70.871
2026-03-23T09:32:46Z,8ac13f4,main,presets/list_presets,0.5464
2026-03-23T09:32:46Z,8ac13f4,main,presets/preset_full_prompt,805.13
2026-03-23T09:32:46Z,8ac13f4,main,spirit/compose_prompt,256.35
2026-03-23T09:32:46Z,8ac13f4,main,relationship/record_interaction,42.579
2026-03-23T09:32:46Z,8ac13f4,main,relationship/decay_10,390.53
2026-03-23T09:32:46Z,8ac13f4,main,markdown/to_markdown,880.49
2026-03-23T09:32:46Z,8ac13f4,main,markdown/from_markdown,2930.8000
2026-03-23T09:32:46Z,8ac13f4,main,ai/compose_system_prompt,637.86
2026-03-23T09:32:46Z,8ac13f4,main,ai/compose_system_prompt_minimal,390.71
2026-03-23T09:32:46Z,8ac13f4,main,ai/apply_sentiment_feedback,274.36
2026-03-23T09:32:46Z,8ac13f4,main,ai/build_personality_metadata,230.09
2026-03-23T09:32:46Z,8ac13f4,main,ai/feedback_from_outcome,82.238
2026-03-23T09:32:46Z,8ac13f4,main,monitor/feed_sentence,409.65
2026-03-23T09:32:46Z,8ac13f4,main,monitor/feed_and_apply,332.75
2026-03-23T09:32:46Z,8ac13f4,main,monitor/streaming_10_tokens,1184.8000
2026-03-23T09:32:46Z,8ac13f4,main,serde/personality_serialize,978.33
2026-03-23T09:32:46Z,8ac13f4,main,serde/personality_deserialize,1332.5000
2026-03-23T09:32:46Z,8ac13f4,main,serde/mood_serialize,147.19
2026-03-23T09:32:46Z,8ac13f4,main,serde/mood_deserialize,175.75
2026-03-23T09:32:46Z,8ac13f4,main,serde/emotional_state_serialize,616.23
2026-03-23T09:32:46Z,8ac13f4,main,serde/emotional_state_deserialize,589.35
2026-03-23T10:31:32Z,faabed8,main,traits/behavior_lookup,2.4106
2026-03-23T10:31:32Z,faabed8,main,traits/level_name,2.4154
2026-03-23T10:31:32Z,faabed8,main,traits/level_from_numeric,7.3205
2026-03-23T10:31:32Z,faabed8,main,personality/compose_prompt,59.748
2026-03-23T10:31:32Z,faabed8,main,personality/behavioral_instructions,39.260
2026-03-23T10:31:32Z,faabed8,main,personality/active_traits,18.453
2026-03-23T10:31:32Z,faabed8,main,personality/distance,12.658
2026-03-23T10:31:32Z,faabed8,main,personality/compatibility,15.503
2026-03-23T10:31:32Z,faabed8,main,personality/blend,114.46
2026-03-23T10:31:32Z,faabed8,main,personality/group_average,3.9462
2026-03-23T10:31:32Z,faabed8,main,personality/mutate_toward,49.652
2026-03-23T10:31:32Z,faabed8,main,personality/group_compatibility,8.4256
2026-03-23T10:31:32Z,faabed8,main,mood/stimulate,56.536
2026-03-23T10:31:32Z,faabed8,main,mood/intensity,2.1109
2026-03-23T10:31:32Z,faabed8,main,mood/blend,3.0585
2026-03-23T10:31:32Z,faabed8,main,mood/decay,0.5817
2026-03-23T10:31:32Z,faabed8,main,mood/dominant_emotion,2.5999
2026-03-23T10:31:32Z,faabed8,main,mood/nudge,1.4741
2026-03-23T10:31:32Z,faabed8,main,mood/deviation,2.9024
2026-03-23T10:31:32Z,faabed8,main,mood/apply_decay,43.451
2026-03-23T10:31:32Z,faabed8,main,mood/classify,5.0592
2026-03-23T10:31:32Z,faabed8,main,mood/apply_trigger,56.171
2026-03-23T10:31:32Z,faabed8,main,mood/snapshot,9.6612
2026-03-23T10:31:32Z,faabed8,main,mood/mood_trait_influence,2.3997
2026-03-23T10:31:32Z,faabed8,main,mood/history_record,36.479
2026-03-23T10:31:32Z,faabed8,main,mood/history_deviation_trend,32.418
2026-03-23T10:31:32Z,faabed8,main,mood/derive_baseline,23.410
2026-03-23T10:31:32Z,faabed8,main,mood/compose_mood_prompt,130.64
2026-03-23T10:31:32Z,faabed8,main,mood/mood_tone_guide,0.9395
2026-03-23T10:31:32Z,faabed8,main,sentiment/positive_short,139.39
2026-03-23T10:31:32Z,faabed8,main,sentiment/negative_medium,361.57
2026-03-23T10:31:32Z,faabed8,main,sentiment/neutral_long,412.40
2026-03-23T10:31:32Z,faabed8,main,sentiment/mixed_emotions,407.88
2026-03-23T10:31:32Z,faabed8,main,sentiment/keyword_dense,653.59
2026-03-23T10:31:32Z,faabed8,main,sentiment/negation,228.63
2026-03-23T10:31:32Z,faabed8,main,sentiment/intensifiers,308.08
2026-03-23T10:31:32Z,faabed8,main,sentiment/sentences_3,533.39
2026-03-23T10:31:32Z,faabed8,main,archetype/compose_preamble,220.00
2026-03-23T10:31:32Z,faabed8,main,archetype/compose_identity_2_layers,293.61
2026-03-23T10:31:32Z,faabed8,main,archetype/compose_identity_5_layers,418.29
2026-03-23T10:31:32Z,faabed8,main,archetype/validate,13.689
2026-03-23T10:31:32Z,faabed8,main,archetype/template_apply,78.328
2026-03-23T10:31:32Z,faabed8,main,archetype/crew_prompt_3,730.52
2026-03-23T10:31:32Z,faabed8,main,archetype/merge,330.99
2026-03-23T10:31:32Z,faabed8,main,presets/get_preset,68.996
2026-03-23T10:31:32Z,faabed8,main,presets/list_presets,0.5400
2026-03-23T10:31:32Z,faabed8,main,presets/preset_full_prompt,795.33
2026-03-23T10:31:32Z,faabed8,main,spirit/compose_prompt,291.53
2026-03-23T10:31:32Z,faabed8,main,relationship/record_interaction,45.947
2026-03-23T10:31:32Z,faabed8,main,relationship/decay_10,404.92
2026-03-23T10:31:32Z,faabed8,main,markdown/to_markdown,917.97
2026-03-23T10:31:32Z,faabed8,main,markdown/from_markdown,2893.0000
2026-03-23T10:31:32Z,faabed8,main,ai/compose_system_prompt,554.46
2026-03-23T10:31:32Z,faabed8,main,ai/compose_system_prompt_minimal,372.71
2026-03-23T10:31:32Z,faabed8,main,ai/apply_sentiment_feedback,281.36
2026-03-23T10:31:32Z,faabed8,main,ai/build_personality_metadata,231.78
2026-03-23T10:31:32Z,faabed8,main,ai/feedback_from_outcome,76.644
2026-03-23T10:31:32Z,faabed8,main,monitor/feed_sentence,404.12
2026-03-23T10:31:32Z,faabed8,main,monitor/feed_and_apply,316.96
2026-03-23T10:31:32Z,faabed8,main,monitor/streaming_10_tokens,1146.7000
2026-03-23T10:31:32Z,faabed8,main,serde/personality_serialize,968.93
2026-03-23T10:31:32Z,faabed8,main,serde/personality_deserialize,1226.9000
2026-03-23T10:31:32Z,faabed8,main,serde/mood_serialize,136.46
2026-03-23T10:31:32Z,faabed8,main,serde/mood_deserialize,182.67
2026-03-23T10:31:32Z,faabed8,main,serde/emotional_state_serialize,599.28
2026-03-23T10:31:32Z,faabed8,main,serde/emotional_state_deserialize,621.96
